,name,review,words,ížë§,í˜¼ìž,ìžì—°,ì•¡í‹°ë¹„í‹°,addr1,cat1,cat2,cat3
0,ê³µì£¼ ê²½ë¹„í–‰ê¸°,"ë„ˆë¬´ ì¹œì ˆí•˜ê²Œ ëŒ€í•´ì£¼ì…”ì„œ ê°ì‚¬í•©ë‹ˆë‹¤ã…œã…œ
ìž ê¹ì´ì§€ë§Œ ì§„ì§œ ìŠ¤íŠ¸ë ˆìŠ¤ ë‹¤ í’€ë¦¬ë„¤ìš”
ë‘ë²ˆì§¸ ë°©ë¬¸ì¸ë° ë˜ ì˜¬ ê²ƒ ê°™ìŠµë‹ˆë‹¤ðŸ‘
êµê´€ë‹˜ë“¤ ì¹œì ˆí•˜ê³  ìœ„í—˜í•˜ì§€ì•Šê²Œ ì§€ë„í•´ì£¼ì…”ì„œ ê²½ë¹„í–‰ê¸° ìž¬ë°Œê²Œ íƒ€ê³  ì™”ìŠµë‹ˆë‹¤~
ë„˜ ìž¬ë¯¸ìžˆì–´ìš”~
ì¢‹ì•„ìš” ì§±ì´ì˜ˆìš” 
ì¡°ì•„ìš”
ì¢‹ì•„ìš”
êµ¿
êµê´€ê¸°ìž¥ë‹˜ë“¤  ì•„ì£¼ ìžìƒ ì¹œì ˆ!
ìƒˆì²˜ëŸ¼ ê°€ë³ê²Œã…Žã…Ž
ê³µì‚°ì„±ê¹Œì§€ ì²´í—˜ë¹„í–‰ ì¦ê±°ì›Œìš”^^
í•˜ëŠ˜ì„ ë‚ ë©° ìžìœ ë¥¼ íŽ¼ì¹˜ë‹¤ã…Ž
ìœ¡êµ°í•­ê³µ í—¬ê¸° ì¡°ì¢…ì„ íšŒìƒí•˜ë©°ã…‹",í•­ê³µ í—¬ê¸° ìœ¡êµ° ì¡°ì¢… íšŒìƒ ìžìœ  ë¹„í–‰ ì²´í—˜ ìƒˆ ê³µì‚°ì„± í•˜ëŠ˜ ê³µì‚°ì„± ìƒˆ ì²´í—˜ ë¹„í–‰ ìžìœ  íšŒìƒ ì¡°ì¢… ìœ¡êµ° í—¬ê¸° êµê´€ ì´ì˜ˆ ì¹œì ˆ ëŒ€í•´ ë˜ ìžìƒ ì•„ì£¼ ìž ê¹ ê²½ë¹„í–‰ê¸° ìŠ¤íŠ¸ë ˆìŠ¤,X,X,O,X,ì¶©ì²­ë‚¨ë„ ê³µì£¼ì‹œ ì˜ë‹¹ë©´ ìˆ˜ì´Œë¦¬,A03,A0304,A03040200
1,êµ°ì‚° íŒ¨ëŸ¬ê¸€ë¼ì´ë”© ìŠ¤ì¿¨,"ì²˜ìŒì´ë¼ë¬´ì„œì› ëŠ”ë° íƒ€ë³´ë‹ˆë„ˆë¬´ë„ˆë¬´ìž¬ë¯¸ìžˆì–´ìš” ë˜ê°ˆêº¼ì˜ˆìš”
ë‚ ì•„ì˜¬ë¼~~~~í•˜ë‚˜ë„ ì•ˆë¬´ì„­ê³  ìž¬ë°Œì—ˆì–´ìš”. íŽ¸ì•ˆí•˜ê²Œ í•˜ëŠ˜êµ¬ê²½ í–ˆìŠµë‹ˆë‹¤
ì‚¬ì§„ë„ ìž˜ ë‚˜ì˜¤ê³  ìž¬ë°Œì—ˆìŠµë‹ˆë‹¤! ì˜¤í›„ 3ì‹œì¯¤ íƒ”ëŠ”ë° ì‚° ì•„ëž˜ ë°°ê²½ìœ¼ë¡œëŠ” ì—­ê´‘ì´ì—ˆì–´ìš”. ì—¬ë¦„ê¸°ì¤€ ì•½ê°„ íë¦° ë‚  ì˜¤ì „ 9ì‹œì—ì„œ 10ì‹œì— íƒ€ë©´ ê°€ìž¥ ì˜ˆì˜ê²Œ ë‚˜ì˜¬ ê²ƒ ê°™ìŠµë‹ˆë‹¤. ì‚¬ë¬´ì‹¤ ì˜·ìž¥ ê±´ë„ˆíŽ¸ì— ì „ì‹ ê±°ìš¸ì´ëž‘ ì¡°ëª… í•˜ë‚˜ë§Œ ìžˆìœ¼ë©´ í¬í† ì¡´ìœ¼ë¡œ ë” ì¢‹ì•˜ì„ ê²ƒ ê°™ì•„ìš”. ê²¨ìš¸ì— ë˜ íƒ€ëŸ¬ ê°ˆê²Œìš”.
ë¶€ëª¨ë‹˜ ëª¨ì‹œê³  ê°€ëŠ”ê±°ë¼ ê±±ì •ë°˜, ì„¤ë ˜ë°˜ì´ì˜€ëŠ”ë°
ê°•ì‚¬ë‹˜ë“¤ì´ ë„ˆë¬´ ì¹œì ˆí•˜ì‹œê³ , ë² í…Œëž‘ì´ì—¬ì„œ ì •ë§ ë§Œì¡±í•©ë‹ˆë‹¤ ë‹¤ìŒì—ëŠ” ìŠ¤íŽ˜ì…œì½”ìŠ¤ í•´ë³´ê³ ì‹¶ë„¤ìš” ê°ì‚¬í•©ë‹ˆë‹¤ã…Žã…Ž
ì¹œì ˆí•˜ì‹œê³  ìž¬ë°Œì—ˆì–´ìš©!
ë§¤ìš° ì¹œì ˆí•˜ì‹œê³  ì¢‹ì•„ìš”! ê²½ì¹˜ ë·°ê°€ ëŒ€ë°•ìž…ë‹ˆë‹¤
ížë§í•˜ê¸° ìµœê³ ì˜ì¡°ê±´ ë§¤ìš° ì•ˆì „í•´ìš”
ì¹œì ˆí•˜ì‹œê³  ì¦ê±°ìš´ ê²½í—˜ì´ì—ˆì–´ìš”!!
í•˜ë‚˜ë‘ ì•ˆë¬´ì„­ê³  ë„ˆë¬´ë„ˆë¬´ ìž¬ë°Œì–´ìš”
ë†€ì´ê¸°êµ¬ íƒ€ëŠ” ê²ƒ ê°™ê¸°ë„ í•˜ê³ , vrí•˜ëŠ” ëŠë‚Œ !! 
ê°•ì‚¬ë¶„ë“¤ë„ ë‹¤ë“¤ ë„ˆë¬´ ì¹œì ˆí•˜ê³  ì‚¬ì§„ê¹Œì§€ ì˜ˆì˜ê²Œ ì°ì–´ì£¼ì…”ì„œ ì™•ë§Œì¡±ìž…ë‹ˆë‹¤ ðŸ‘ðŸ»ðŸ‘ðŸ»ðŸ‘ðŸ» ì£¼ë³€ì— ì¶”ì²œí• ë§Œí¼ ë„ˆë¬´ ì¢‹ì•˜ê³ , ë‹¤ìŒì— ë˜ íƒ€ëŸ¬ê°€ë ¤êµ¬ìš© 
ë²„í‚·ë¦¬ìŠ¤íŠ¸ ì¤‘ í•˜ë‚˜ì˜€ëŠ”ë° ìƒìƒ ì´ìƒìœ¼ë¡œ ìž¬ë°Œì—ˆìŠµë‹ˆë‹¤! ì§„í–‰í•´ì£¼ì‹œëŠ” ë¶„ë“¤ ëª¨ë‘ ë‹¤ ì¹œì ˆí•˜ì…¨ì–´ìš”! íŒ¨ëŸ¬ê¸€ë¼ì´ë”© ê²½í—˜í•´ë³´ê³ ì‹¶ì€ ë¶„ë“¤ì—ê²Œ ì¶”ì²œìž…ë‹ˆë‹¤! êµ°ì‚° íŒ¨ëŸ¬ê¸€ë¼ì´ë”© ìŠ¤ì¿¨ ìµœê³ ðŸ‘ðŸ»ðŸ‘ðŸ»
ì‚¬ìž¥ë‹˜ ì¹œì ˆí•˜ì‹œê³ , íŒ¨ëŸ¬ê¸€ë¼ì´ë”© ë„ˆë¬´ ìž¬ë¯¸ìžˆì—ˆì–´ìš”",ë§¤ìš° ë°˜ ê²½í—˜ ìµœê³  ë·° ížë§ ì¡°ê±´ ëŒ€ë°• ê²½ì¹˜ ì—­ê´‘ í•˜ë‚˜ ë˜ ê²ƒ ì‚¬ì§„ ì˜·ìž¥ ì‚¬ë¬´ì‹¤ ì¡´ ë” ê±´ë„ˆíŽ¸ ê±°ìš¸ íŒ¨ëŸ¬ê¸€ë¼ì´ë”© ì¶”ì²œ ìŠ¤ì¿¨ ì‚¬ìž¥ êµ°ì‚° ë¶„ ê°€ìž¥ ì•½ê°„ ê¸°ì¤€ ë‚ ,X,X,X,O,ì „ë¶íŠ¹ë³„ìžì¹˜ë„ êµ°ì‚°ì‹œ ì„±ì‚°ë©´ ë§ˆë™1ê¸¸ 5-22,A03,A0304,A03040300
2,ë‹¨ì–‘ íŒ¨ëŸ¬ ëª…ê°€,"ë°”ë¡œ ì˜ˆì•½í•˜ê³  ì°¾ì•„ê°”ëŠ”ë° ì•ˆë‚´ë„ ì¹œì ˆí•˜ì‹œë”ë¼êµ¬ìš”.
ì„œë¹„ìŠ¤ì—…ì´ë¼ ê·¸ëŸ°ê°€ í–ˆëŠ”ë° ëª¨ë“ ë¶„ë“¤ì´ ì¹œì ˆí•¨ì´ ëª¸ì— ë² ì–´ ìžˆëŠ”ë“¯ ë³´ì˜€ì–´ìš”.
ìš°ì„  ê°ì‚¬ë“œë¦½ë‹ˆë‹¤.
ëœ»ë°–ì— ìš°ì—°ížˆ ë„ˆë¬´ ê°’ì§„ ê²½í—˜í•˜ê³  ì™”ì–´ìš”.
ì˜¤ëž«ë™ì•ˆ ì—¬ìš´ì´ ê°€ì‹œì§ˆ ì•Šì„ê²ƒ ê°™ì•„ìš”.
ì˜ìƒì´¬ì˜ì„ í•˜ì§€ ì•Šìœ¼ë ¤ê³  í–ˆëŠ”ë° ê·¸ëž˜ë„ ì¶”ì–µì´ë¼ë„ ë‚¨ê¸¸ê¹Œí•˜ê³  ì´¬ì˜í•˜ê¸¸ ë„ˆë¬´ ìž˜í•œê±° ê°™ì•„ìš”.
ì˜ìƒë³´ë©´ì„œ ì›ƒê³  ë˜ ì›ƒê²»ì–´ìš”..ë„ˆë¬´ ì†Œë¦¬ë¥¼ ì§ˆëŸ¬ì„œ ëª©ì´ ì‰¬ì—ˆì§€ë§Œ 
ë„ˆë¬´ ìž¬ë¯¸ìžˆì—ˆìŠµë‹ˆë‹¤
ì¹œì ˆí•´ì„œ íŽ¸í•˜ê²Œ ì¦ê¸°ë‹¤ì™”ìŠµë‹ˆë‹¤
íŒ¨ëŸ¬ê¸€ë¼ì´ë”©í• ë•Œ ë¬´ê²ê³  íž˜ë“ ê²ƒë„ ìžˆì—ˆëŠ”ë° ë§‰ìƒ í•˜ëŠ˜ì„ ë‚˜ë‹ˆê¹Œ ê·¸ëŸ°ê±´ ë‹¤ ì—†ì–´ì§€ê³  ëˆˆì— ë³´ì´ëŠ”ê²ƒë“¤ë§Œ ìƒê°ì´ ë‚˜ë„¤ìš” ë„ˆë¬´ ë©‹ìžˆì—ˆì–´ìš” ê²ì´ ë§Žì•„ ë¬´ì„œì› ëŠ”ë° ì§ì›ë¶„ì´ ë„ì™€ì£¼ì…”ì„œ í•´ë‚¼ìˆ˜ìžˆì—ˆì–´ìš”âœŒï¸âœŒï¸âœŒï¸
ë„˜ ìž¬ë°Œì—ˆìŠµë‹ˆë‹¤ ì¹œì ˆí•˜ì‹œê³  ìžì„¸í•˜ê²Œ ì„¤ëª…ë„ ìž˜ í•´ì£¼ì…”ì„œ ì¢‹ì•˜ì–´ìš”
ì¶”ìš´ì§€ë„ ëª¨ë¥´ê²Œ ë– ë“¯í•œ ìž¥ê°‘ì´ëž‘ ì»¤í”¼ë„ ì£¼ì…”ì„œ ì•ˆì¶”ì› ìŠµë‹ˆë‹¤ ë˜ ê°ˆê±°ì—ìš”~~

ì§„ì§œ ì´ëŸ° ê²½í—˜ì€ ìµœê³ ì¸ê±°ê°™ì•„ìš”!!!ê°€ì´ë“œë„ ìž˜í•´ì£¼ì‹œê³  ì‚´ë©´ì„œ ìµœê³ ì˜ ê²½í—˜ì¸ê±°ê°™ì•„ìš” ã…‹ã…‹
ì œ ë²„í‚·ë¦¬ìŠ¤íŠ¸ì¤‘ í•˜ë‚˜ì˜€ëŠ”ë° ì¸ìƒìµœê³ ì—ìš”
ë‚ ì”¨ë„ì¢‹ê³  ìš°ì£¼ì˜ê¸°ìš´ì´ ì €ì—ê²Œ ì˜¤ëŠ”ë‚ ì´ì˜€ì–´ìš”
ì´ëŸ°ê²½í—˜í•  ìˆ˜ ìžˆê²Œ í•´ì£¼ì‹  íŒ¨ëŸ¬ëª…ê°€ ì‚¬ëž‘í•´ìš”!!!!!!
íŒ¨ëŸ¬ê¸€ë¼ì´ë”© ì§„ì§œ ì¢‹ì•„í•˜ëŠ”ë°ìš”! ì¹œêµ¬ëž‘ ë§¤ë²ˆ ì—¬ê¸°ë§Œ ì˜¤ëŠ”ê²ƒê°™ì•„ìš”! 
ìž¬ë¯¸ìžˆëŠ” í•˜ë£¨ë³´ë‚¸ê±°ê°™ì•„ìš” ì§ì›ë¶„ë“¤ë„ ì¹œì ˆí•˜ì…¨ê³ , í•˜ëŠ˜ì—ì„œ ë°‘ì—ë³´ëŠ”ê²Œ ì´ë ‡ê²Œ ì†ì´ ë»¥ëš«ë¦¬ëŠ” ê¸°ë¶„ì´ë¼ë‡¨ ì§„ì§œ ìž¬ë¯¸ìžˆì—ˆê³ , ì˜ìƒ ì°ì–´ì£¼ì‹ ê±° ë³´ê³ ìžˆëŠ”ë°, ë„ˆë¬´ ì§œë¦¿í•˜ë„¤ìš”!
ì¹´ìš´í„°ì— ê³„ì‹  ë¶„ì´ëž‘ êµê´€ë‹˜ë“¤ ë„ˆë¬´ ì¹œì ˆí•˜ì…”ì„œ ìž¬ë°Œê²Œ ì¦ê²¼ìŠµë‹ˆë‹¤. ì²˜ìŒì—” ë³„ ê±° ì—†ì„ì¤„ ì•Œì•˜ëŠ”ë° êµê´€ë‹˜ì´ ë‚ ê°œ ì¡°ì • í•˜ì‹¤ë•Œë§ˆë‹¤ ë°”ì´í‚¹ ë‚´ë ¤ê°€ëŠ” ëŠë‚Œë„ ë‚˜ê³  ìƒê°ë³´ë‹¤ ìž¬ë°Œì—ˆìŠµë‹ˆë‹¤. ë‚ ì”¨ê°€ ì•ˆ ì¢‹ì•„ì„œ ìŠ¤íŽ˜ì…œ ì˜ˆì•½í–ˆë‹¤ê°€ ê¸°ë³¸ì½”ìŠ¤ë¡œ íƒ”ëŠ”ë° ë‹¤ìŒì— ê°€ì„œ ìŠ¤íŽ˜ì…œì½”ìŠ¤ íƒˆ ìƒê°ìž…ë‹ˆë‹¤ ê¿€ìž¼
ì°¨íƒ€ê³  ì‚° ê¼­ëŒ€ê¸°ë¡œ ì´ë™í•˜ëŠ”ë° ê·¸ê²Œ ìž¬ë°ŒìŒ ã…‹ã…‹ã…‹ã…‹ ì˜¤í”„ë¡œë“œ ì²˜ëŸ¼ ë†€ì´ê¸°êµ¬ íƒ€ëŠ” ê¸°ë¶„!
íŒ¨ëŸ¬ê¸€ë¼ì´ë”© ìžì²´ë„ ë„ˆë¬´ ìž¬ë°Œì—ˆìŒ ê·¼ë° ì„ ê¸€ë¼ìŠ¤ëŠ” í•„ìˆ˜ì¸ë“¯
ëˆˆì‹œë ¤ì›Œì„œ ëˆˆë¬¼ í•œë°”ê°€ì§€ í˜ë ¸ìŒ..ë§ˆì§€ë§‰ì— ê°•ì‚¬ë‹˜ì´ ë„ì´ê¸°êµ¬ ì ›ì•„í•˜ëƒ ë¬¼ì–´ë³´ê³  ì—„ì²­ ìž¬ë°Œê²Œ íƒœì›Œì£¼ì‹¬
ì£½ê¸°ì „ì— ë˜ íƒˆê±°ê³  ê°€ì¡± ë°ë¦¬ê³  ë˜ ê°ˆê±°ìž„!! ì™„ì „ ê°•ì¶”
ë‹¨ì–‘ì—ëŠ” ëª‡ë²ˆ ì—¬í–‰ ì™”ì§€ë§Œ, íŒ¨ëŸ¬ê¸€ë¼ì´ë”©ì€ ë³´ê¸°ë§Œ í–ˆì§€ í•œë²ˆë„ ë„ì „í•´ë³¼ ìƒê°ì´ ì—†ì—ˆëŠ”ë°, í°ë§˜ ë¨¹ê³  ë„ì „í–ˆì–´ìš”.ë” ë‚˜ì´ë“¤ê¸° ì „ì— ê²½í—˜í•´ë³´ìžëŠ” ìƒê°ìœ¼ë¡œ~~~ë„ˆë¬´ ì¢‹ì•˜ë˜ê²ƒ ê°™ì•„ìš”
ì˜ìƒë„ ì§„ì§œ ë¦¬ì–¼í•˜ê²Œ ì°ì–´ì£¼ì…”ì„œ ê°ì‚¬í•©ë‹ˆë‹¤ðŸ˜
ë¹„í–‰ë³µ ì°©ìš©í•˜ê³  ì¤€ë¹„í• ë•Œë§Œí•´ë„ ì •ì‹ ì—†ì„ì¤„ì•Œì•˜ëŠ”ë° ìƒê°ë³´ë‹¤ ìž¬ë¯¸ìžˆì„ê²ƒê°™ì•„ì„œ ë„ˆë¬´ ì‹ ë‚˜ìžˆì—ˆë˜ê±° ê°™ì•„ìš”~! ë§‰ìƒ íƒ€ë‹ˆê¹Œ í’ê²½ë„ ë„ˆë¬´ ë©‹ì¡Œê³ , ê·¸ë¦¬ê³  ë„ì›€ì£¼ì‹œëŠ”ë¶„ë„ ì¹œì ˆí•˜ê²Œ ê¸´ìž¥í’€ì–´ì£¼ì‹œê³ , ëª¨ë“ ê²Œ ë„˜ ì¢‹ì•˜ë˜ê±° ê°™ì•„ìš”! ê·¸ëž˜ì„œ ë˜ íƒ€ëŸ¬ì˜¬ê¹Œí•©ë‹ˆë‹¤! ì˜ìƒë„ ê°ì‚¬í•´ìš©~!",ë˜ íŒ¨ëŸ¬ê¸€ë¼ì´ë”© ëˆˆ ê¸°êµ¬ ê°€ì¡± ë°”ê°€ì§€ ì£¼ì‹¬ ë“¯ ìžì²´ ë„ ìƒê° ì˜ìƒ ë•Œ ì§„ì§œ ê²½í—˜ íŒ¨ëŸ¬ê¸€ë¼ì´ë”© ë˜ ë§‰ìƒ ì´¬ì˜ ë„ì „ ê²½í—˜ ìµœê³  ì½”ìŠ¤ ìŠ¤íŽ˜ì…œ ë‚ ì”¨ ê¸°ë¶„ ì˜ˆì•½ ì§„ì§œ ê¿€ìž¼ ê·¸ê²Œ,X,X,O,X,ì¶©ì²­ë¶ë„ ë‹¨ì–‘êµ° ê°€ê³¡ë©´ ë‘ì‚°ê¸¸ 262,A03,A0304,A03040300
3,ë‹¨ì–‘ íŒ¨ëŸ¬ê¸€ë¼ì´ë”© íŒ¨ëŸ¬ëŠ” ë‚´ì¹œêµ¬,ì¢‹ì•„ìš”,,X,X,X,X,ì¶©ì²­ë¶ë„ ë‹¨ì–‘êµ° ê°€ê³¡ë©´ ë‘ì‚°ê¸¸ 196-52,A03,A0304,A03040300
4,ë‹¨ì–‘ íŒ¨ëŸ¬ì¼ë²ˆì§€,"ì €í¬ ê°€ì¡± íŒ¨ëŸ¬ 2ë²ˆì§¸ì¸ë°ã…Ž
íŒ¨ëŸ¬ì¼ë²ˆì§€ê°€ ê°€ìž¥ ë§Œì¡±ìŠ¤ëŸ½ê³  ì¦ê±°ì› ì–´ìš”!
íŒ¨ëŸ¬ ì˜·ë„ ì˜ˆì˜ê³  ë‚´ë¶€ë„ ì¾Œì í•˜ê³  ì•„ì´ê°€ í¬ë¡ìŠ¤
ì‹ ê³ ê°€ì„œ ê±±ì •í–ˆëŠ” ë° ì‹ ë°œë„ ì‚¬ì´ì¦ˆë³„ë¡œ
ë‹¤ ì¤€ë¹„ë˜ì–´ìžˆê³  íƒœì›Œì£¼ì‹œëŠ” ê°•ì‚¬ë‹˜ë“¤
ëª¨ë‘ ì¹œì ˆí•˜ê³  ìž¬ë¯¸ìžˆê²Œ ì‚¬ì§„ë„ ì—´ì •ì ìœ¼ë¡œ
ì°ì–´ì£¼ì‹œê³  ê°ì‚¬í•©ë‹ˆë‹¤!^^
ë„ˆë¬´  ì¹œì ˆí•˜ì‹œê²Œ ëŒ€í•´ì£¼ì…¨ê³  ì‚¬ì§„ì´¬ì˜ë„ ë„ˆë¬´ ìž˜í•´ì£¼ì…”ì„œ ì¦ê±°ìš´ ì¶”ì–µë‚¨ê¸°ê³  ì™“ì–´ìš” ã…‹ê°•ì‚¬ë‹˜ì´ ëŒ€í™”ë„ ë¨¼ì € ê±¸ì–´ì£¼ì‹œê³  ì–´ìƒ‰í•˜ì§€ ì•Šê³  ë„ˆë¬´ë„ˆë¬´ ì¢‹ì•˜ì–´ìš” ã…‹ã…‹ê°•ì‚¬ë‹˜ë“¤ ëª¨ë‘ ìœ ì¾Œí•˜ì‹  ë¶„ë“¤ì´ì…¨ì–´ìš” ã…‹ì—¬ê¸° ê°•ì¶”
ë˜ íƒ€ê³  ì‹¶ì–´ìš” ë²ˆì°½í•˜ì„¸ìš”^^
ì²« íŒ¨ëŸ¬ê¸€ë¼ì´ë”© ì²´í—˜ì´ì—ˆëŠ”ë° ë„˜ ìž¬ë°Œì—ˆì–´ìš”! ë›°ê¸° ì „ì—” ì‚´ì§ ë¬´ì„œì› ëŠ”ë° ë§‰ìƒ ë›°ê³ ë‚˜ë©´ ì •ë§ ë³„ ê±° ì•„ë‹ˆë”ë¼êµ¬ìš”â˜ºï¸ ì§„ì§œ ì¢‹ì€ ížë§íƒ€ìž„ì´ì—ˆì–´ìš”~ë‹¤ìŒì— ë˜ í•˜ê³  ì‹¶ì–´ìš”^O^ ë•ë¶„ì— ìµœê³ ì˜ íœ´ê°€ì˜€ì–´ìš”. ì•ˆì „í•œ ë¹„í–‰ê³¼ ì˜ˆìœ ì‚¬ì§„ë“¤ë„,, ê°ì‚¬í•©ë‹ˆë‹¤ðŸ‘ðŸ‘
ì¹œì ˆí•˜ì‹œê³  ìž¬ë°Œì—ˆì–´ìš”
ì§ì›ë¶„ë“¤ ë„ˆë¬´ ì¹œì ˆí•˜ì‹œê³  íŒ¨ëŸ¬ê¸€ë¼ì´ë”© íƒ€ê³  ë‚œ ë‹¤ìŒì— ì‚¬ì§„ë„ ì •ì„±ê» ì°ì–´ì£¼ì…”ì„œ ë„ˆë¬´ ë§Œì¡±ìŠ¤ëŸ¬ì› ìŠµë‹ˆë‹¤!! ì˜·ë„ ë‹¤ì–‘í•œ ìƒ‰ê¹” ì¤‘ì—ì„œ ê³¨ë¼ìž…ì„ ìˆ˜ ìžˆì—ˆê³  ìœ„ì¹˜ë„ ì¹´íŽ˜ì‚° ë°”ë¡œ ì•žì— ìžˆì–´ì„œ ì°¾ì•„ê°€ê¸°ë„ ì¢‹ì•˜ì–´ìš”! ìµìŠ¤íŠ¸ë¦¼ìœ¼ë¡œ íƒ”ëŠ”ë° í•˜ë‚˜ë„ ì•ˆ ë¬´ì„­ê³  ìž¬ë¯¸ìžˆê²Œ íƒ”ìŠµë‹ˆë‹¤!! ì°ì€ ì˜ìƒë„ ë°”ë¡œ í•¸ë“œí°ìœ¼ë¡œ ë³´ë‚´ì£¼ì‹œê³  í”½ì—… ì„œë¹„ìŠ¤ë„ ìžˆì–´ì„œ íŽ¸í–ˆìŠµë‹ˆë‹¤! ë¶€ëª¨ë‹˜ë„ ì—„ì²­ ì¢‹ì•„í•˜ì…¨ì–´ìš”~~
êµ¿
íŽ˜ëŸ¬ê¸€ë¼ì´ë”© ìµœê³ ì˜ ì²´í—˜ì§€ ì˜€ìŠµë‹ˆë‹¤ ðŸ‘
ì ‘ìˆ˜ì²˜ ì§ì›ë¶„ë“¤ ì¹œì ˆížˆ í•˜ë‚˜í•˜ë‚˜ ë‹¤ ì•Œë ¤ì£¼ì‹œêµ¬ìš”
íŒŒì¼ëŸ¿ë¶„ë“¤ì€ ì²´í—˜ìžê°€ ê¸´ìž¥í•˜ì§€ ì•Šê²Œ ìœ ì¾Œí•˜ì‹œê³  ì²´í—˜ì‹œìž‘ì „ì— ì¹œì ˆí•˜ê³  ì„¸ì„¸í•˜ê²Œ í™•ì¸í•´ì£¼ì…”ì„œ ì•ˆì‹¬í•˜ê³  ì¦ê¸¸ ìˆ˜ ìžˆì—ˆìŠµë‹ˆë‹¤
ë§¤ë…„ ì™€ì•¼ê² ì–´ìš” ðŸ‘ðŸ‘

ì«„ë³´ì¸ ì œê°€ íŒ¨ëŸ¬ê¹Œì§€ í•˜ë‹¤ë‹ˆ ã…‹ë¯¿ê¸°ì§€ê°€ ì•Šì•„ìš” ë¬´ì„œìš¸ê¹Œë´ ê±±ì •í–ˆëŠ”ë°  ã…‹ì™ ê±¸ í•˜ëƒë„ ì•ˆë¬´ì„­ê³  ë„ˆë¬´ íŽ¸ì•ˆí–‡ì–´ìš” ã…‹í‰ì¼ì´ë¼ ì†ë‹˜ì´ ì—†ì–´ í•œë²ˆë” íƒœì›Œì£¼ì…¨ì–´ìš” ê°ì‚¬í•´ìš” ë„ˆë¬´ ìž¬ë¯¸ìžˆì—ˆì–´ìš”^^
70ëŒ€ ì–´ë¨¸ë‹ˆì™€ ì´ˆë“±ì•„ë“¤ê³¼ë„ í•¨ê»˜ ê³„íší–ˆë˜í„°ë¼ ë¹„í–‰ì „ê¹Œì§€ ê±±ì •ë„ ë§Žê³  ê¸´ìž¥ì„ ë§Žì´í–ˆì–´ìš”~
ê·¼ë° ìƒê°ë³´ë‹¤ ë„ˆë¬´ ì•ˆì „í–ˆê³  ì¦ê±°ìš´ ê²½í—˜ì´ì—ˆì–´ìš”~
íŒ¨ëŸ¬ì¼ë²ˆì§€ì—ëŠ” ëž­í‚¹1ìœ„ì˜ íŒŒì¼ëŸ¿ê°•ì‚¬ë‹˜ì„ ë¹„ë¡¯í•´ ëª¨ë‘ ì‹¤ë ¥ìžˆê³  ê²½í—˜ë§Žì€ ê°•ì‚¬ë‹˜ë“¤ì´ì‹œë¼ ë”ìš± ì•ˆì „í–ˆë˜ê²ƒ ê°™ìŠµë‹ˆë‹¤~
ê³ ë§™ìŠµë‹ˆë‹¤~^^â™¡
ì£¼ë³€ í’ê²½ë„ ì˜ˆì˜ê³  íŒ¨ëŸ¬ê¸€ë¼ì´ë”©ë„ ë„ˆë¬´ ìž¬ë°Œì–´ìš”.
ê°•ì‚¬ë‹˜ë„ ì¹œì ˆí•˜ì‹œê³  ì¢‹ì•„ìš”^^ ë¬´ì„œìš¸ ì¤„ ì•Œì•˜ëŠ”ë° í•˜ë‚˜ë„ ë¬´ì„­ì§€ ì•Šê³  í•˜ëŠ˜ì„ ë‚˜ëŠ” ê²ƒ ê°™ìœ¼ë‹ˆ  ê¼­ ë„ì „í•´ë³´ì‹œê¸¸ ë°”ëž„ê²Œìš”! ã…Žã…Ž",ì‚¬ì§„ ë°”ë¡œ ë‹¤ìŒ ë‚œ ì •ì„±ê» í”½ì—… ì˜ìƒ í•¸ë“œí° ì„œë¹„ìŠ¤ ìœ„ì¹˜ í•˜ë‚˜ ì²´í—˜ ê±±ì • ì „ ìµœê³  ë²ˆì§€ íŒ¨ëŸ¬ì¼ ê¸´ìž¥ íŒŒì¼ëŸ¿ ê²½í—˜ ê°•ì‚¬ ëª¨ë‘ íŒ¨ëŸ¬ ë˜ íŒ¨ëŸ¬ê¸€ë¼ì´ë”© íƒ€ê³  ì˜· ê±±ì • ì²´í—˜ ë¶„,X,X,X,O,ì¶©ì²­ë¶ë„ ë‹¨ì–‘êµ° ê°€ê³¡ë©´ ë‘ì‚°ê¸¸ 196-91,A03,A0304,A03040300
5,ë‹¨ì–‘ë“œë¦¼ë ˆì € íŒ¨ëŸ¬ê¸€ë¼ì´ë”©,"ìž¬ë°Œì–´ìš”!!
ê·¸ ì´ìƒì¸ë° ì–´ë–»ê²Œ ë§í•´ì•¼í• ì§€ ëª¨ë¥´ê² ì–´ìš”~
íƒ€ê¸° ì „ì—” ì—„ì²­ ë¬´ì„œì› ëŠ”ë° í™”ì´íŒ… ë„˜ì¹˜ê²Œ ì‚¬ì§„ ì°ì–´ì£¼ì‹œë‹ˆê¹Œ ë¬´ì„­ë‹¤ í‘œí˜„ë„ ëª»í•˜ë‹¤ê°€ ë§‰ìƒ ë‚ ì•˜ëŠ”ë° íŽ¸ì•ˆí•´ìš”!!
ì ˆë²½ìœ¼ë¡œ ë›´ë‹¤ê°€ ì•„ë‹ˆë¼ ë›°ì–´ ì˜¤ë¥¸ë‹¤ì˜ˆìš”~ ë‚ ì•„ ì˜¬ë¼ìš”!!
ì‹ ê¸°í•´ìš”
ì«„ë³´ë„ ì•„ì´ë„ íƒˆ ìˆ˜ ìžˆì–´ìš”!!

ì¢‹ì•„ìš”~~ ë©‹ì§„ ê²½í—˜ì„ í–ˆìŠµë‹ˆë‹¤ 
íƒ€ì‚¬ë³´ë‹¤ ì €ë ´í•´ìš”
ë‹¤ìŒì— ë˜ ì˜¤ê³  ì‹¶ì€ ë·°ì—ìš” 
ì „ë§ëŒ€ìª½ì—ì„œ í•˜ê°•í•´ì„œ ë·°ê°€ ë„˜ ì´ì˜ë„¤ìš©
ì‹œìž¥ì´ëž‘ë„ ê°€ê¹êµ¬ êµ¿êµ¿
íŠ¹ë³„í•œ ê²½í—˜ì´ì˜€ì–´ìš”
í•­ìƒ ë‹¨ì–‘ì—ì˜¤ë©´ ì°¾ëŠ” ì´ê³³  íŒ¨ëŸ¬ê¸€ë¼ì´ë”© êµ­ê°€ëŒ€í‘œë¶„ì´ê³„ì‹ ê³³ì´ë¼ ë” ì‹ ë¢°ê°€ ê°€ëŠ”ê³³ ìž…ë‹ˆë‹¤â™¡
ìž¬ë°‹ê²Œ ìž˜ íƒ”ì–´ìš” ê°ì‚¬í•©ë‹ˆë‹¤ â™¡
ë‘ë²ˆì§¸ ì´ìš©ì´ì—ìš”. íŒŒì¼ëŸ¿ë¶„ì´ ì¹œì ˆí•˜ì‹œê³  ë‹¨ì–‘ì˜ ê°€ì„ í’ê²½ì€ ì§„ì§œ ëˆˆë¬¼ë‚˜ê²Œ ì´ë»¤ìŠµë‹ˆë‹¤. 

ì¹œì ˆí•˜ê³  ì‚¬ì§„ë„ ìž˜ì°ì–´ ì£¼ì…”ì„œ ì•„ë“¤ê³¼ ì €
ë‘˜ë‹¤ ì¢‹ì€ ì¶”ì–µ ê°€ì§€ê³  ì—¬í–‰ ë§ˆë¬´ë¦¬í•´ìš”
ì§‘ì— ëŒì•„ì™€ ë¹„ë””ì˜¤ì´¬ì˜í•œê±° ë³´ë‹ˆ ìž¬ë¯¸ë„ ì†”ì†” 
ì´¬ì˜ì˜µì…˜ í•„ìˆ˜ìž…ë‹ˆë‹¤^^
ë‚¨íŽ¸ì´ëž‘ ë‹¨ì–‘ ì—¬í–‰ì™€ì„œ ì˜ˆì•½í•œ íŒ¨ëŸ¬ê¸€ë¼ì´ë”©ì´ì—ìš”! ì„¤ëª…ë„ ì¹œì ˆí•˜ê²Œ ìž˜ í•´ì£¼ì…¨êµ¬ ì•ˆì •ìž¥ë¹„ë„ ê¼¼ê¼¼í•˜ê²Œ ìž˜ ì²´í¬í•´ì£¼ì…”ì„œ ë³„ë¡œ ì•ˆë¬´ì„œì› ì–´ìš”!! ë²„í‚·ë¦¬ìŠ¤íŠ¸ì˜€ëŠ”ë° ì§„ì§œ ìž¬ë°Œê²Œ ê²½í—˜í–ˆêµ¬ìš” ì½”ìŠ¤ë„ ì§±ì´ì—ˆìŠµë‹ˆë‹¤
íŒŒì¼ëŸ¿ë¶„ë“¤ì´ ì—„ì²­ ì¹œì ˆí•˜ì‹œê³ 
ì‚¬ë¬´ì‹¤ì— ê³„ì‹ ë¶„ë“¤ë„ ì¹œì ˆí•˜ê²Œ ì‘ëŒ€í•´ì£¼ì…¨ì–´ìš”~
ê°€ì¡±ë“¤ê³¼ ë©‹ì§„ì¶”ì–µ ìž˜ ë§Œë“¤ê³ ì™”ìŠµë‹ˆë‹¤!
ì²˜ìŒ í•œ íŒ¨ëŸ¬ê¸€ë¼ì´ë”©
ì˜ˆì•½í•˜ê³  ê°”ëŠ”ë° ìˆœì„œê°€ ê¼¬ì—¬ì„œ
ë§ˆì§€ë§‰ì— íƒ€ê²Œ ë˜ì„œ ë§Žì´ ê¸°ë‹¤ë ¸ì§€ë§Œ
ìžŠì„ ìˆ˜ ì—†ëŠ” ì¶”ì–µì„ ë§Œë“¤ê³  ì™”ì–´ìš”
ë‚´ë…„ì— ê¼­ ë‹¤ì‹œ íƒ€ëŸ¬ ì˜¬ê²Œìš”",ì¶”ì–µ ì‚¬ì§„ ì—¬í–‰ ì´¬ì˜ ì˜ˆì•½ íŒ¨ëŸ¬ê¸€ë¼ì´ë”© ìˆ˜ ë‹¨ì–‘ ì†”ì†” ê°€ì§€ ê³³ ê²½í—˜ ë·° ë‹¨ì–‘ íŒ¨ëŸ¬ê¸€ë¼ì´ë”© ë˜ ì „ë§ í•˜ê°• ìš© ìž¬ë°‹ ì§„ì§œ íŒŒì¼ëŸ¿ ë²„í‚·ë¦¬ìŠ¤íŠ¸ ê°€ì¡± ì‚¬ë¬´ì‹¤ ì½”ìŠ¤ ì‘ëŒ€ ê³„ ì‹ ë¶„ ì„¤ëª…,X,X,X,O,ì¶©ì²­ë¶ë„ ë‹¨ì–‘êµ° ìˆ˜ë³€ë¡œ 59-1 ë¡¯ë°ê²ŒìŠ¤íŠ¸í•˜ìš°ìŠ¤,A03,A0304,A03040300
6,ë‹¨ì–‘íŒ¨ëŸ¬ì—ë°˜í•˜ë‹¤,"ë°”ëžŒì´ ë¶ˆì–´ì„œ ë‹¤ìŒë‚ ë¡œ ì˜ˆì•½ ë³€ê²½í•´ì£¼ì‹  ë•ì—
ë§‘ê³  ê¹¨ë—í•œ í•˜ëŠ˜ì—ì„œ ì•ˆì „í•˜ê³  
ì‹œì›í•˜ê²Œ ë¹„í–‰í–ˆìŠµë‹ˆë‹¤!
ì²« íŒ¨ëŸ¬ê¸€ë¼ì´ë”©ë•ŒëŠ” ë‹¤ë¥¸ê³³ì—ì„œ í–ˆëŠ”ë° ë²ˆì§€ì í”„ë³´ë‹¤
ìž¬ë¯¸ì—†ë‹¤ê³  ëŠê»´ì¡Œê³ , ëˆì´ ì•„ê¹ë‹¤ í•œë²ˆì´ë©´ ëë‹¤.
ìƒê°í–ˆëŠ”ë° íŒ¨ëŸ¬ì— ë°˜í•˜ë‹¤ì—ì„œ ë‘ë²ˆì§¸ íŒ¨ëŸ¬ê¸€ë¼ì´ë”©ì„ í•œ ë’¤ ìƒê°ì´ í™• ë°”ê¼ˆìŠµë‹ˆë‹¤.
íŒŒì¼ëŸ¿ë‹˜ì˜ ì¹œì ˆí•œ ì„¤ëª…ê³¼ ìœ ì¾Œí•˜ì‹  ìž…ë‹´ìœ¼ë¡œ
ê¸´ìž¥ì´ ë‹¤ í’€ë¦¬ê³  ë©‹ì§„ë·°ì— ë°”ëžŒì„ ëŠë¼ë©°
ë¹„í–‰ì„ í•˜ëŠ” ê²ƒì´ ì´ë ‡ê²Œ í–‰ë³µí•  ìˆ˜ê°€ ì—†ìŠµë‹ˆë‹¤!
28ì¼ì— ê°€ì¡±ì—¬í–‰ìœ¼ë¡œ ë˜ ê°€ëŠ”ë° ì•„ë¶€ì§€ë„
ë„ì „í•˜ì‹œê² ë‹¤ê³  í•˜ì„¸ìš”! í•œë¶„ë„ ë¹ ì§ ì—†ì´
ì¹œì ˆí•˜ì‹œê³  ì‚¬ì§„ë„ ì •ì„±ìŠ¤ëŸ½ê²Œ ë§Žì´ ì°ì–´ì£¼ì…”ì„œ
ì—¬ëŸ¬ìž¥ ê±´ì¡ŒìŠµë‹ˆë‹¤ í–‰ë³µí•œ ê¸°ë…ì¼ ì—¬í–‰í•  ìˆ˜ ìžˆê²Œ
í•´ì£¼ì‹  íŒ¨ëŸ¬ì— ë°˜í•˜ë‹¤ ëª¨ë“  ì§ì›ë¶„ë“¤ ê°ì‚¬í•©ë‹ˆë‹¤!
ì¹´íŽ˜ì™€ ê°€ë³¼ë§Œí•œê³³ê¹Œì§€ ì¶”ì²œí•´ì£¼ì‹  ìž˜ìƒê¸´
ê¹€ì¢…ëª© íŒŒì¼ëŸ¿ë‹˜ ë˜ ë§Œë‚˜ìš©ðŸ™ŒðŸ» 
ë‹¨ì–‘ì— ì˜¤ì‹œë©´ í•„ìˆ˜ë¡œ í•´ì•¼í•˜ëŠ” ì•¡í‹°ë¹„í‹° íŒ¨ëŸ¬ê¸€ë¼ì´ë”©!
ì²« íŒ¨ëŸ¬ê¸€ë¼ì´ë”©ì´ë¼ ê±±ì •ë„ ëì§€ë§Œ ë¦¬ë·°ë„ ë§Žê³  ìœ ëª…í•œ íŒ¨ëŸ¬ì— ë°˜í•˜ë‹¤ ì´ìš©í–ˆëŠ”ë° ì •ë§ í›„íšŒ ì—†ìŠµë‹ˆë‹¤
ì¹œì ˆí•˜ê²Œ ì•ˆë‚´í•´ì£¼ì‹œê³  í•¨ê»˜í–ˆë˜ 'ì›íƒ‘' ê°•ì‚¬ë‹˜ ë•ë¶„ì— ìž¬ë°Œê³  ì•ˆì „í•˜ê²Œ ì•¡í‹°ë¹„í‹° ì¦ê²¼ìŠµë‹ˆë‹¤
ë™ì˜ìƒ, ì‚¬ì§„ ë‹¤ ì •ì„±ê» ì°ì–´ì£¼ì…”ì„œ ì¹œêµ¬ëž‘ ìš°ì •ì—¬í–‰ ì¢‹ì€ ì¶”ì–µ ìŒ“ê³  ê°€ë„¤ìš” ì„œë¹„ìŠ¤ ì‚¬ì§„ ì¸í™”ê¹Œì§€ ìµœê³ ìž…ë‹ˆë‹¤â£ï¸
ì•ˆì „ì„ ìµœìš°ì„ ìœ¼ë¡œ í•˜ëŠ” ê³³ì´ë¼ ë°”ëžŒ ë°©í–¥, ë‚ ì”¨ê°€ ì•ˆì¢‹ì„ë•Œ ë¬´ë¦¬í•˜ì§€ ì•Šìœ¼ì‹œê³  í™˜ë¶ˆ, í˜¹ì€ ì˜ˆì•½ ë³€ê²½í•´ì£¼ì‹œë”ë¼êµ¬ìš”. ì €í¬ë„ ì˜ˆì•½í•œ ë‚  ë°”ëžŒ ë°©í–¥ë•Œë¬¸ì— ë‹¤ìŒë‚ ë¡œ ë³€ê²½í•˜ì—¬ ì²´í—˜í–ˆëŠ”ë°, ë•ë¶„ì— í›¨ì”¬ ì•ˆì „í•˜ê³  ì¦ê²ê²Œ ì²´í—˜í•˜ê³ , ì˜ˆìœ ì‚¬ì§„ë„ ë§Žì´ ê±´ì¡ŒìŠµë‹ˆë‹¤! (ë³€ê²½ ì•ˆí–ˆìŒ íšŒìƒ‰ í•˜ëŠ˜ì— ì‚¬ì§„ ì°ì—ˆì„ê±°ì—ìš”ã… ) ì§ì›ë¶„ë“¤ ê°•ì‚¬ë‹˜ë“¤ ëª¨ë‘ ë„ˆë¬´ ìœ ì¾Œí•˜ì‹œê³  êµ‰ìž¥ížˆ ì¹œì ˆí•˜ì‹ ë°ë‹¤ê°€ ë§¤ìš° ì–‘ì‹¬ì ì¸ ë¶„ë“¤ì´ë¼ ì˜ˆì•½í•œ ì½”ìŠ¤ ì‹œê°„ì„ ëª»ì±„ìš°ë©´ ì°¨ì•¡ì€ í™˜ë¶ˆë„ í•´ì£¼ì…”ìš”!! ë‹¨ì–‘ ë§›ì§‘ì´ë‚˜ ê´€ê´‘ì§€ì—ì„œ í• ì¸ ë°›ì„ ìˆ˜ ìžˆê²Œ ì´ê²ƒì €ê²ƒ ì±™ê²¨ì£¼ì‹œê³  ë„ˆë¬´ ê°ì‚¬í•©ë‹ˆë‹¤ðŸ™ðŸ» ë‹¤ìŒì— ë‹¨ì–‘ ë‹¤ì‹œ ë†€ëŸ¬ì˜¤ë©´ ë˜ ì²´í—˜í•˜ëŸ¬ê°ˆê²Œìš”ðŸŽ¶
ì „ë‚  ë¹„ê°€ ë§Žì´ ì™€ì„œ ê±±ì •í–ˆëŠ”ë° ë‚ ì”¨ê°€ í’€ë ¤ ë„ˆë¬´ ìžë¯¸ìžˆê²Œ ìž˜ í•˜ê³ ì™”ìŠµë‹ˆë‹¤.
íŒ¨ëŸ¬ì— ì°ìœ¼ë¡œ ë°˜í•˜ë‹¤ ì¸ì •í•©ë‹ˆë‹¤~~
ìž‘ë…„ ë‹¨ì–‘ ì—¬í–‰ì—ì„œ ì›í”½ì€ íŒ¨ëŸ¬ì— ë°˜í•˜ë‹¤~~~
ìž¬ë°©ë¬¸ìœ¼ë¡œ ë‹¤ì‹œ íƒ€ë³´ë‹ˆ í›¨~~~ì”¬ ì¦ê±°ì› ë‹¤
ì²˜ìŒì—” ë…¸ë©€ë¡œ ì´ë²ˆì—” í”„ë¦¬ë¯¸ì—„ížë§ìœ¼ë¡œ ë„ì „!!
ë°°ë¡œ ì¦ê²ê³  ì›ƒìŒì´ ë‚˜ì™”ë‹¤^^
ì¢‹~~~~~ë‹¤
ë‚´ë…„ì—ë„ ë‹¤ì‹œ ë°©ë¬¸ ì˜ˆì •!!

ë‚ ì´ ì•ˆì¢‹ì•„ì„œ ìµìŠ¤íŠ¸ë¦¼ ì½”ìŠ¤ë¥¼ í•˜ì§€ ëª»í–ˆì§€ë§Œ ìž¬ë°Œì—ˆìŠµë‹ˆë‹¤ ~~ 
ì‚¬ì§„ë„ ìž˜ ì°ì–´ì£¼ì‹œê³  ì˜ìƒ í€„ë¦¬í‹°ë„ ì¢‹ë”ë¼ê³ ìš” !!! 
ë§ˆì§€ë§‰ ì‚¬ì§„ì¸í™” ì„œë¹„ìŠ¤ê¹Œì§€ ì™„ë²½í–ˆìŠµë‹ˆë‹¤ðŸ‘
ì‚¬ëžŒì´ ë§Žì€ë°ë„ ë‹¤ë“¤ ì¹œì ˆí•˜ì‹œê³  ê°•ì‚¬ë‹˜ë„ ìœ ì¾Œí•˜ì…¨ì–´ìš”. ë‹¤ìŒì— ì˜¨ë‹¤ë©´ ìµìŠ¤íŠ¸ë¦¼ì½”ìŠ¤ë¡œ ì¦ê²¨ë³´ë ¤ê³ ìš” ã…Žã…Žã…Ž
ë„ˆë¬´ë‚˜ ì¹œì ˆí•˜ì‹  ì•ˆë‚´ì— ê°ì‚¬ë“œë¦½ë‹ˆë‹¤! ì„¤ë§ˆí•˜ëŠ” ê±±ì •ë„ ìžˆì—ˆëŠ”ë°, ì•ˆì „í•˜ê²Œ ìž˜ íƒœì›Œì£¼ì‹  ì „ë¬¸ê°€ë‹˜ ë•ë¶„ì— í•˜ëŠ˜ë¡œ ëœ¨ìžë§ˆìž ì‚¬ë¼ì¡Œì–´ìš”~ 
ê²°ì œë¶€í„° ë¹„í–‰í•˜ê³  ì‚¬ì§„ì´¬ì˜ê¹Œì§€ ë‹¤ë“¤ ë„ˆë¬´ ì°©í•˜ì…”ì„œ ì¢‹ì€ ì¶”ì–µë§Œë“¤ì£¼ì…”ì„œ ê°ì‚¬í•©ë‹ˆë‹¤!
ì¹œì ˆí•œ ì§ì›ë¶„ê³¼ ì•ˆì „í•œ ë¹„í–‰ ì°¾ìœ¼ì‹œë©´ ì—¬ê¸°ê°€ ë”±ìž…ë‹ˆë‹¹!
ë„ˆë¬´ ìž¬ë°Œì—ˆì–´ìš”â™¡
ë‹¨ì–‘ì— íŒ¨ëŸ¬ê¸€ë¼ì´ë”© ì—…ì²´ë“¤ë„ ë§Žì•„ì„œ ì˜ˆì•½í• ë•Œ ê³ ë¯¼ ë§Žì´ í–ˆëŠ”ë° ì˜ˆì•½í•˜ê¸¸ ìž˜í•œê±°ê°™ì•„ìš”~
ì§ì›ë¶„ë“¤ ëª¨ë‘ ì¹œì ˆí•˜ì‹œê³  í‘œì •ë„ ë°ìœ¼ì…”ì„œ ì¢‹ì€ ê¸°ì–µìœ¼ë¡œ ë‚¨ê²Œë˜ì—ˆìŠµë‹ˆë‹¤^^
ê²Œë‹¤ê°€ ë¹„í–‰ì„ í•¨ê»˜í•´ì£¼ì‹  ì„ ìƒë‹˜ê»˜ì„œ ì•ˆì „ì€ ë¬¼ë¡  ë‹¨ì–‘ ì•ˆë‚´ë„ ìž˜í•´ì£¼ì‹œê³ ~ ì˜ìƒë„ ìž˜ ë‚¨ê¸¸ìˆ˜ìžˆë„ë¡ ë„ì™€ì£¼ì…”ì„œ ì¶”ì–µ ì œëŒ€ë¡œ ê°„ì§í•˜ê³  ê°‘ë‹ˆë‹¹ã…Žã…Ž
ë‹´ì— ë˜ ë°©ë¬¸í•˜ê² ìŠ´ë â™¡ ë²ˆì°½í•˜ì„¸ìš”^^
ì§ì›ë¶„ë“¤ ì¹œì ˆí•˜ì‹œê³  ì¢‹ì•„ìš”! ì˜ìƒë„ ìž˜ ë‚¨ê²¨ì£¼ì‹œê³  ì €í¬ ì•„ì´ë“¤ ìž˜ íƒ„ë‹¤ê³  ë†’ê²Œë†’ê²Œ ì˜¬ë¼ê°€ ì£¼ì‹œê³  ìŠ¤ë¦´ìžˆê²Œ íƒœì›Œì£¼ì‹œê¸°ë„ í–ˆì–´ìš”^^ ë˜ íƒ€ê³  ì‹¶ë‹¤ê³  ë‚œë¦¬ì—ìš” ðŸ˜‚  ì¢‹ì€ ì¶”ì–µ ë§Œë“¤ê³  ê°‘ë‹ˆë‹¤!!
ì •ë§ ë„ˆë¬´ë„ˆë¬´ í–‰ë³µí•œ ì‹œê°„ì´ì˜€ì–´ìš”~!!  í•˜ë£¨ê°€ ì§€ë‚œ ì§€ê¸ˆë„ ì—¬ìš´ì´ ë‚¨ì•„ìžˆëŠ” ì‚´ë©´ì„œ ëŠë¼ì§€ëª»í•œ ê¸°ë¶„ í‘œì • ëª¨ë“ ê±¸ í–‰ë³µí•˜ê²Œ í•˜ëŠ” ì‹œê°„ì´ì˜€ìŠµë‹ˆë‹¤~~ 
ì¹œì ˆí•˜ê²Œ ì•ˆì „í•˜ê²Œ í•´ì£¼ì‹  íŒ¨ëŸ¬ì—ë°˜í•˜ë‹¤ ì„ ìƒë‹˜ë“¤ ë„ˆë¬´ ê°ì‚¬í•©ë‹ˆë‹¤! ê¼­ ê°€ë³´ì„¸ìš” ê¼­í•´ë³´ì„¸ìš”!!!
",ì‚¬ì§„ ê°•ì‚¬ ì½”ìŠ¤ ê³³ ë³€ê²½ íŒ¨ëŸ¬ê¸€ë¼ì´ë”© í™˜ë¶ˆ í‹° ì•¡ í‹°ë¹„ íŒ¨ëŸ¬ ì—¬í–‰ íŒ¨ëŸ¬ê¸€ë¼ì´ë”© ìƒê° ë„ì „ ì‹œê°„ ë‹¤ì‹œ ë°©ë¬¸ ë‹¨ì–‘ í‘œì • ë¹„í–‰ ë‹¨ì–‘ ì§ì› ì˜ˆì•½ ë‹¤ìŒ ë˜ ì¶”ì–µ ì²´í—˜ ê²ƒ ë°”ëžŒ,X,X,O,O,ì¶©ì²­ë¶ë„ ë‹¨ì–‘êµ° ê°€ê³¡ë©´ ë‘ì‚°ê¸¸ 196-88,A03,A0304,A03040300
7,ëŒ€ì²œ êµ­ê°€ëŒ€í‘œ íŒ¨ëŸ¬ê¸€ë¼ì´ë”©,"ì²« íŒ¨ëŸ¬ê¸€ë¼ì´ë”© ëŒ€ì„±ê³µâ™¡
ì£¼ë§ ë‚®ì‹œê°„ì¯¤ì— ë„ì°©í–ˆëŠ”ë° ì´ë¯¸ ëŒ€ê¸°ì¤‘ì¸ ì‚¬ëžŒë“¤ì´ ë°”ê¸€ë°”ê¸€ã…‹ã…‹ ê·¸ë§Œí¼ ì¸ê¸°ìžˆë‹¤ëŠ” ê±°ê² ì¥¬? 
ê³ ì†Œê³µí¬ì¦ ìžˆì–´ì„œ ê±±ì •í–ˆëŠ”ë° ì „~~~í˜€ ë¬¸ì œ ì—†ì´ ì¦ê¸°ê³  ì™”ìŒ. 
ì´ë¥™,ì°©ë¥™í•  ë•Œ ê±±ì •ë§Žì´ í–ˆëŠ”ë° ê°•ì‚¬ë‹˜ì´ ì•„ì¥¬ ì•ˆì „í•˜ê²Œ í•´ì£¼ì…”ì„œ ì™„ë²½í•œ ë¹„í–‰ ë!!
ì«„ë³´ë„ íƒˆ ìˆ˜ ìžˆìœ¼ë‹ˆ ë‹¤ë“¤ ê¼­ ì™€ë³´ì‹œê¸¸~~
ë‹¤ìŒì—ë„ ë˜ íƒ€ëŸ¬ì˜¬ê±°ìž„!!!
í•˜ë‚˜ë„ ì•ˆë¬´ì„­ê³  ìž¬ë°Œê²Œ ìž˜ íƒ€ê³ ì™”ì–´ìš”!
ì¹œì ˆí•˜ì‹œê³  ì¢‹ì€ì¶”ì–µ ìŒ“ì•˜ìŠµë‹ˆë‹¤~~

ë°°ê·¸ ì‹¤ì œë¡œ í•˜ëŠ”ëŠë‚Œì´ë¼ ì‹ ê¸°í–ˆì–´ìš”

ë‚ ì”¨ë„ ë„ˆë¬´ì¢‹ì•˜ëŠ”ë° ë°”ëžŒ ê¸°ë‹¤ë¦¬ë©´ì„œ ëŠê¸‹í•˜ê²Œ ì—¬ìœ ë„ ì¦ê¸°ê³  ìž¬ë°Œê²Œ ë‹¤ë…€ì™”ìŠµë‹ˆë‹¤~
ì˜ˆìœì‚¬ì§„ ë‚¨ê²¨ì£¼ì‹œëŠ” .. ì‚¬ìž¥ë‹˜ .. ðŸ–¤âœ”ï¸
ì˜¤ëžœë§Œì— ë‚ ì”¨ì¢‹ì€ë‚  íŒ¨ëŸ¬ê¸€ë¼ì´ë”© ë•ì— í¬ê²Œ ížë§í–ˆì–´ìš” ðŸ¥¹ðŸ¤ 
ì˜ˆë¿ ì‚¬ì§„ ë‚¨ê²¨ì£¼ë ¤ê³  ë…¸ë ¥í•´ë‘ì…”ì„œ ê°ì‚¬í•˜ê³ , í•˜ëŠ˜ìœ„ì— ë‚ ë•Œ ì—¬ê¸°ì €ê¸° ë³´ì—¬ë‘ì‹œë©´ì„œ ì„¤ëª…í•´ì£¼ì‹ ê²Œ ë„˜ ê°ëª…ê¹Šë„¤ìš” ðŸ’•
ê°€ì„ì— ë˜ ë†€ëŸ¬ê°ˆê»˜ìš” ì†¨ìž¥ë‹˜ ê±´ê°•í•˜ì„¸ìš¥ ðŸ©¶
ì˜¤ì „ì— ì•ˆê°œê°€ ë§Žì´ ê»´ì„œ ëª»íƒˆê¹Œë´ ë¬¸ì˜ì „í™” ë“œë¦¬êµ¬ ë°©ë¬¸í–ˆëŠ”ë°ìš” ë‚ ì”¨ ê´œì°®ì•„ ì¡Œë‹¤ê³  ë‹¤ì‹œ ì—°ë½ë„ ì£¼ì‹œêµ¬ ì„¤ëª…ë„ ìžì„¸í•˜ê³  ì¹œì ˆí•˜ì„¸ìš”ðŸŒŸ

ë§¤ ê³„ì ˆ ë‹¤ë¥¸ ë·°ë¡œ ì¦ê¸°ê³  ì‹¶ì„ì •ë„ë¡œ ìž¬ë°Œê²Œ ì¦ê¸°ë‹¤ ê°‘ë‹ˆë‹¹ðŸ˜†
ì•„ì´ë“¤ê³¼ ë‘ë²ˆì§¸ ë°©ë¬¸ìž…ë‹ˆë‹¤
ë‚ ì”¨ ìž˜ë³´ê³  ê°”ë”ë‹ˆ ìµœê³ ì˜€ì–´ìš”!
ì¢‹ì€ ì¶”ì–µ ë‚¨ê¸°ê³ ê°‘ë‹ˆë‹¤~~
ë„íŒŒë¯¼ ì«™ ë‚˜ì˜¤ë„¤ìš”....ê²ë‚˜ ìž¬ë°ŒìŠµë‹ˆë‹¤!!!!!!!!!!!!!!
ì§„ì§œ ì˜ˆì •ì— ì—†ê²Œ ê°‘ìžê¸° í•˜ê²Œ ë˜ì—ˆëŠ”ë° ë„ˆë¬´ ìž¬ë¯¸ìžˆì—ˆì–´ìš”!! ë‚ ì”¨ê¹Œì§€ ì™„ë²½í•´ì„œ ë·°ë„ ì¢‹ê³  ìœ„ì¹˜ë„ ë„ˆë¬´ ê°€ê¹ê³  ì§±ì´ì—ìš© á°”á©š 
ë„ˆë¬´ë„ˆë¬´ ìž¬ë°ŒëŠ” ë¹„í–‰ì´ì˜€ì–´ìš”!
ì‚¬ìž¥ë‹˜í•˜ê³  ê°™ì´ íƒ”ëŠ”ë° ì„¤ëª…ë„ ìž˜í•´ì£¼ì‹œê³  ìƒìŠ¹ì´ ì§„ì§œ ë„ˆë¬´ ìŠ¤ë¦´ìžˆê³  ìž¬ë°Œì—ˆì–´ìš” 
ë§ˆì§€ë§‰ì— ìµìŠ¤íŠ¸ë¦¼ í•´ì£¼ì‹œëŠ”ê±° ì§„ì§œ ë¯¸ì³¤ì–´ìš” ë„ˆë¬´ ìž¬ë°Œê³  ê±°ê¸°ë‹¤ ì˜¤ëŠ˜ ë°”ëžŒê¹Œì§€ ì¢‹ì•„ì„œ ì¸ìƒë¹„í–‰ì´ì˜€ì–´ìš” 
íŒ¨ëŸ¬ê¸€ë¼ì´ë”©ì€ ë‹¨ì–‘ì´í›„ ë‘ë²ˆì§¸ì¸ë° ëŒ€ì²œì´ ì‚°ì´ ë” ë†’ê³  ì‚¬ìž¥ë‹˜ì´ ì¹œì ˆí•˜ê²Œ ì„¤ëª…í•´ ì£¼ì…”ì„œ í›¨ì”¬ ìž¬ë°Œì–´ìš” 
ëŒ€ì²œí•´ìˆ˜ìš•ìž¥ê¹Œì§€ ë³´ì´êµ¬ ì¶”ìš´ë‚ ì”¨ ê³ ë ¤í•´ ìž¥ê°‘ë„ ë‘ê°œì”© ê¼¼ê¼¼ížˆ ì±™ê²¨ì£¼ì‹œêµ¬ ì‚¬ì§„ í•«ìŠ¤íŒŸë„ ë„ˆë¬´ ìž˜ì•„ì…”ì„œ ì¸ìƒìƒ· ê±´ì§€ê¸° ì¢‹ì•„ìš” 
ê°€ì„ì´ íƒ€ê¸° ì ¤ ì¢‹ë‹¤ê³  í•´ì„œ ë‹¤ìŒì— í•œë²ˆë” ì˜¬ ìƒê°ì´ì—ìš” ë„ˆë¬´ ë§Œì¡±ìŠ¤ëŸ¬ìš´ ì‹œê°„ì´ì˜€ì–´ìš”~!!
íŒ¨ëŸ¬ê¸€ë¼ì´ë”© ë§ë§Œ ë“£ë‹¤ê°€ ì²˜ìŒ ì‹¤ì œë¡œ ì²´í—˜í•´ ë´¤ëŠ”ë° ì§„ì§œ ìž¬ë¯¸ìžˆë”ë¼êµ¬ìš”!!!! ìµìŠ¤íŠ¸ë¦¼ì½”ìŠ¤ ìµœê³ !!!
ì¹œì ˆí•˜ê³  ì•ˆì „í•˜ê²Œ íƒœì›Œì£¼ì…”ì„œ ê°ì‚¬í•©ë‹ˆë‹¤ êº„ðŸ¤—
ê°€ì¡± ì—¬í–‰ì¤‘ì— ë„ì „í•˜ê²Œ ë˜ì—ˆì–´ìš”. ì²˜ìŒì´ë¼ ê±±ì •í–ˆëŠ”ë° ë‹¤ë“¤ ì¹œì ˆí•˜ì…”ì„œ ê°ì‚¬í–ˆì–´ìš”. íŠ¹ížˆ ì—„ë§ˆê°€ ë„ˆë¬´ ì¢‹ì•„í•˜ì„¸ìš”! ì´ˆë³´ìžë„ ì¶©ë¶„ížˆ ì¦ê¸¸ ìˆ˜ ìžˆì–´ì„œ ì¢‹ì•˜ìŠµë‹ˆë‹¤. ë‹¤ìŒì— ë˜ ë„ì „í• ê²Œìš”.",ì²˜ìŒ ì§„ì§œ ì²´í—˜ ë§ ë„íŒŒë¯¼ ì«™ ê°‘ìžê¸° ì˜ˆì • íƒ€ê³  í•˜ë‚˜ ë‹¤ìŒ ì§„ì§œ ì‚¬ìž¥ ì„¤ëª… ë” ì¸ìƒ ìµìŠ¤íŠ¸ë¦¼ ìˆ˜ ë˜ ë¹„í–‰ ë‚ ì”¨ ê±±ì • íŒ¨ëŸ¬ê¸€ë¼ì´ë”© ì‚¬ì§„ ë°©ë¬¸ ë·° ì„¤ëª… ë¹„í–‰ ìµœê³  ë˜,X,X,X,O,ì¶©ì²­ë‚¨ë„ ë³´ë ¹ì‹œ ë‚¨í¬ë©´ ì°½ë™1ê¸¸ 233-25,A03,A0304,A03040300
8,ì„ ìœ  ìŠ¤ì¹´ì´ì¬ë¼ì¸,"ê³ ì†Œê³µí¬ì¦ ìžˆì–´ì„œ ì²¨ì— ëˆˆì§ˆëˆê°ê³  ë‚´ë ¤ê°”ëŠ”ë° ëˆˆë– ë³´ë‹ˆ í’ê²½ì´ ë„ˆë¬´ ë©‹ìžˆì—ˆê³  ì•ˆë¬´ì„­ê³  ìž¬ë°Œì—ˆì–´ìš”!! ë™ì˜ìƒ ëª»ì°ì€ê±° ë„ˆë¬´ë„ˆë¬´ ì•„ì‰½.................ðŸ¥¹
ðŸª‚ ì„ ìœ ë„ í•´ì•ˆê°€ë¥¼ ë–¨ì–´ì§€ë“¯ ì§ˆì£¼í•˜ëŠ” 700m ì§šë¼ì¸. ë†’ì•„ì„œ ì² ë í•˜ê³  ë¹¨ë¼ì„œ ì‹œì›í•´ìš”. í•œë²ˆì¯¤ íƒˆë§Œí•´ìš”
âœï¸ ê²°ì œ â†’ ì²´í—˜ë™ì˜ì„œ ì“°ê³  â†’ ì‚¬ë¬¼í•¨ì— ë¬¼ê±´ë„£ê³  â†’ ìž¥ë¹„ì°©ìš© â†’ ì—˜ë¦¬ë² ì´í„° íƒ€ê³  ì˜¬ë¼ê°€ì„œ â†’ ë–¨ì–´ì ¸ìš”. ë‹¤ ì•ˆë‚´í•´ì£¼ì…”ìš”
ðŸ‘­ í•œë²ˆì— ìµœëŒ€ 2ì¸ê¹Œì§€ íƒ‘ìŠ¹ê°€ëŠ¥
ðŸ” ì‚¬ë¬¼í•¨ìžˆì–´ìš”. ë–¨ì–´íŠ¸ë¦´ë§Œí•œ ë¬¼ê±´ì€ ìž¥ë¹„ ì°©ìš©ì „ì— ë„£ì–´ë‘¬ìš” 
ðŸ“¸ ë‹¤ì™€ì„œ ê²¬ì¸í• ë•Œ ì“°ëŠ” ë¹¨ê°„ì¤„ ìž¡ìœ¼ë©´ ê·¸ë•Œë¶€í„° í¬í† íƒ€ìž„ì´ì—ìš”
ðŸš— ì§šë¼ì¸ ë‹¤íƒ€ê³ ë‚˜ë©´ ë‹¤ë¦¬ ëì—ì„œ í”½ì—…ì°¨ê°€ ë§¤í‘œì†Œë¡œ ë‹¤ì‹œ ë°ë ¤ë‹¤ ì¤˜ìš”
ðŸ’° ì‚¬ì§„í˜„ìƒì´ëž‘ íŒŒì¼ë°›ëŠ”ê±´ ì²´í—˜ëë‚˜ê³  ë‚´ë ¤ì˜¤ë©´ êµ¬ë§¤ë¶€ìŠ¤ê°€ ìžˆì–´ìš”. ìž…ê¸ˆë§Œ ë°›ì•„ì„œ ì‚¬ë¬¼í•¨ì— í•¸ë“œí°ê¹Œì§€ ë„£ì—ˆë‹¤ë©´ ê³¤ëž€í• ìˆ˜ìžˆì–´ìš”.
ðŸ…¿ï¸ ì˜ìˆ˜ì¦ ê°€ì ¸ê°€ë©´ ê³µì˜ì£¼ì°¨ìž¥ 2ì‹œê°„ ë¬´ë£Œ
ðŸ’¸ ì¼ë°˜ê°œì¸ 20,000ì› Ã—2 / ì‚¬ì§„ì¸í™”+ë¬¸ìžì „ì†¡ 10,000ì›
ë„ˆë¬´ ì¢‹ì•˜ì–´ìš© 
ì§šë¼ì¸ì„ ì²˜ìŒ íƒ€ë´¤ëŠ”ë° ë„ˆë¬´ ìž¬ë¯¸ìžˆê²Œ íƒ”ì–´ìš”.
ì²˜ìŒì—” ê²ì´ ë‚˜ë”ë‹ˆ ë‚˜ì¤‘ì—” ì¦ê¸°ê²Œë˜ë”ë¼êµ¬ìš”.ê·¸ëŸ¬ë‹¤ê°€ ê¸ˆë°©ë„ì°©! êµ°ì‚° ì„ ìœ ë„ ì˜¤ì‹œë©´ ê¼­ íƒ€ë³´ì„¸ìš”
ì§„ì§œ ì§€ê¸ˆê¹Œì§€ íƒ€ë³¸ ì§šë¼ì¸ì¤‘ ë„ˆë¬´ë„ˆë¬´ ìž¼ìžˆê³  í’ê²½ì´ ìµì˜¤ì˜€ì–´ìš”!!
ìž¬ë°Œìë‹ˆë‹¤. ë‹¤ìŒì— ë˜ ê°€ë³´ê³  ì‹¶ì–´ìš”.
ì•„ì£¼ ìŠ¤ë¦´ìžˆê³  ìž¼ìžˆì—ˆìŠµë‹ˆë‹¤
ì„ ìœ ë„ê¹Œì§€ ë“¤ì–´ê°€ëŠ”ë° ì¢€ ë©€ê¸´í–ˆì§€ë§Œ ê°€ëŠ”ë‚´ë‚´ í’ê²½ë„ ì¢‹ì•„ì„œ ê´œì°®ì•˜ì–´ìš”
í‰ì¼ì´ë¼ê·¸ëŸ°ì§€ ì‚¬ëžŒì—†ì–´ì„œ ë°”ë¡œíƒ”ëŠ”ë° ì²˜ìŒì—” ì¢€ ë¬´ì„œìš´ë° ë‚˜ì¤‘ì— ìž¬ë°ŒìŒ ã…‹ã…‹ ì‚¬ì§„ë„ ê´œì°®ì•„ì„œ ì¸í™”í–ˆë„¤ìš” ìž¬ë°Œì—ˆì–´ìš”!!
í•œë‚® ë¶ˆë³•ë”ìœ„ì†ì— ë•€ ë»˜ë»˜ í˜ë¦¬ë‹¤ê°€, ì­ˆìš± ë¯¸ë„ëŸ¬ì§€ë©´ì„œ ë°”ë‹·ë°”ëžŒ ë§žëŠ” ì‹œì›í•¨ê³¼ ì†ë„ê°ì´ ì£¼ëŠ” ìž¬ë¯¸ëŠ” ë„ˆë¬´ë‚˜ë„ êµ¿~~ìž…ë‹ˆë‹¤. í•˜ì§€ë§Œ ì§šë¼ì¸ì„ íƒ€ëŠ” ìˆœê°„ì„ ì‚¬ì§„ìœ¼ë¡œ ë‹´ì•„ì£¼ëŠ” ê²ƒê¹Œì§€ëŠ” ì¢‹ì•˜ëŠ”ë°, 2ë§¤ ì‚¬ì§„íŒŒì¼ ì „ì†¡ ë°›ëŠ”ë° 6,000ì›ì„ ë°›ëŠ”ë° ì´ íŒŒì¼ì´ ìš©ëŸ‰ 1Mbë„ ì•ˆë˜ëŠ” ì €ìš©ëŸ‰  íŒŒì¼ë¡œ ì¤ë‹ˆë‹¤. íƒ€ì‹¤ë¶„ë“¤ì€ ì‚¬ì§„íŒŒì¼ êµ¬ë§¤í•˜ì‹¤ ìƒê°ì´ë¼ë©´ ì°¸ê³ í•˜ì„¸ìš”.  
ë¹„ì‹¸ì§€ë§Œ ì„ ìœ ë„ í•„ìˆ˜ì½”ìŠ¤
í‘¸ë¥¸ ë°”ë‹¤ê°€ ì •ë§ ì•„ë¦„ë‹¤ì›Œìš”
ì²˜ìŒì—ë§Œ ë¬´ì„­ê³  ì¤‘ê°„ì—” ì‹œì›í•˜ë‹ˆ ì¢‹ì•˜ì–´ìš”",ì²˜ìŒ ì‚¬ë¬¼í•¨ ëˆˆ í•œë²ˆ íƒ€ ì¸í™” ì •ë§ í‘¸ë¥¸ í•„ìˆ˜ ì½”ìŠ¤ ì‚¬ì§„ íŒŒì¼ ì„ ìœ ë„ ì§šë¼ì¸ í’ê²½ ì¢€ ìš©ëŸ‰ ë‚˜ì¤‘ ì „ì†¡ ì¸í™” ì°©ìš© ì²´í—˜ ë¬¼ê±´ ìž¥ë¹„ ë”ìœ„ ë¶ˆë³• êµ¿ ë»˜ë»˜ ë°” ì­ˆìš±,X,X,O,O,ì „ë¶íŠ¹ë³„ìžì¹˜ë„ êµ°ì‚°ì‹œ ì„ ìœ ë¶ê¸¸ 136 ê³µì¤‘í•˜ê°•ì²´í—˜ì‹œì„¤,A03,A0304,A03040100
9,ìŠ¤ì¹´ì´ë‹¤ì´ë¸Œì½”ë¦¬ì•„,"It was so coool and nervous ! Although it is expensive and scary, it is worth a try in life at least one time haha . I'm very happy I did it 
ë„˜ ì¢‹ì•˜ìŠµë‹ˆë‹¤. ë‚ ì”¨ê¹Œì§€ ë„ì™€ì£¼ëŠ” ë°”ëžŒì— ë§‘ì€ í•˜ëŠ˜ê³¼ êµ¬ë¦„ìœ„ì—ì„œ ë§¨ëª¸ìœ¼ë¡œ ë‚ ì•„ë³´ì•˜ë„¤ìš” ã…Žã…Ž ìµœê³ ì˜ ìŠ¤ë¦´ê³¼ ìž¬ë¯¸. ë‘ë²ˆì§¸ ë›°ì–´ë´¤ì§€ë§Œ ì—¬ì „ížˆ ë¬´ì„­ë„¤ìš” ã…Žã…Žã…Ž ë‹´ì— ë˜ ê°€ë³´ë µë‹ˆë‹¤^^* ì¹œì ˆí•˜ì‹œê³  ë„ˆë¬´ ìž¬ë¯¸ìžˆê²Œ ì•ˆì „í•˜ê²Œ ë‹¤ë…€ì™”ìŠµë‹ˆë‹¤. ê°ì‚¬í•©ë‹ˆë‹¤. 
ë¹„í–‰í•˜ê¸°ì „ ê°„ë‹¨í•œ êµìœ¡ë°›ê³  ì˜¬ë¼ê°”ì–´ìš” 
ê²½ë¹„í–‰ê¸° íƒ€ê¸°ì „ê¹Œì§€ëŠ” ì•ˆë–¨ë ¸ëŠ”ë° ì´ë¥™í•˜ê³ ë‚˜ì„œ ì¡°ê¸ˆì”© ë–¨ë¦¬ê¸° ì‹œìž‘í•˜ë”ë¼ê³ ìš”
ì €ëž‘ê°™ì´ ë¹„í–‰í•˜ì‹œëŠ” ìƒ˜ë„ ì¹œì ˆí•˜ì…¨ê³  ì´¬ì˜í•´ì£¼ì‹œëŠ” ìƒ˜ë„ ì¹œì ˆí•˜ì…¨ì–´ìš” 
ì•„ì‰¬ìš´ê±´ ì•„ì›ƒìº ì€ ìž ê¹ì´ì—¬ì„œ ì •ì‹  ëª»ì°¨ë¦¬ë©´ ì•ˆë˜ìš” ìƒ˜ì€ ì–´ëŠìˆœê°„ ì‚¬ë¼ì§‘ë‹ˆë‹¤,
ê·¸ëž˜ì„œ í•¸ë“œìº ë„ ê°™ì´ í•˜ëŠ”ê±¸ ì¶”ì²œë“œë ¤ìš” ì €ë„ ì¢€ ì•„ì‰½ë”ë¼ê³ ìš”
ë¹„í–‰ì€ ë„˜ë‚˜ ìž¬ë¯¸ìžˆì—ˆê³  í•˜ëŠ˜ì—ì„œ ì•„ëž˜ëŠ” ë³´ë©´ìˆœê°„ ì €ë„ ëª¨ë¥´ê²Œ ëˆˆë¬¼ì´... 
íŽ˜ëŸ¬ëž‘ì€ ì™„ì „ í‹€ë¦¼. ë¹„ì‹¸ê¸´ í•˜ì§€ë§Œ ì¸ìƒì— í•œë²ˆì¯¤ì€ í•´ë³¼ë§Œí•˜ë‹¤ì˜€ì–´ìš”
ê¸°íšŒê°€ ë˜ ì˜¤ë©´ í•˜ê³ ì‹¶ì€.....  
ì •ë§ ë¯¸ì³¤ìŠµë‹ˆë‹¤
ë¹„í–‰ê¸° íƒ‘ìŠ¹ë¶€í„° ë‹¤ì‹œ ì§€ìƒì— ì°©ì§€ í• ë•Œê¹Œì§€
ì§€ë£¨í•  í‹ˆì´ ì—†ëŠ” ê¸´ìž¥ê°, ì¹œêµ¬ë“¤ê³¼ ê·¸ë¦¬ê³  ì €ì˜ ì‚¶ì— í° ì¶”ì–µê±°ë¦¬ê°€ ìƒê²¨ ì¢‹ìŠµë‹ˆë‹¤. ì‹œê°„ì´ ëœë‹¤ë©´ ë‹¤ì‹œ ë„ì „í• ê±° ê°™ìŠµë‹ˆë‹¤. 
êµ­ë‚´ì—ì„œ ìœ ì¼í•˜ê²Œ í• ìˆ˜ ìžˆë‹¤ ê³  í•´ì„œì¸ì§€... ìƒê°ë³´ë‹¤ ì‚¬ëžŒì´ ë§Žì•„ì„œ ì¢€ ë†€ëž¬ì–´ìš” ^^
ë‚˜ì´ì œí•œ(ìœ„ë¡œ ã…‹) ì—†ë‹¤ëŠ”ê²ƒë„ ìš” ã…Žã…Ž
í•˜ëŠ˜ì—ì„œ ë³¸ í’ê²½ë„ ìµœê³ ì´ì§€ë§Œ,  í•˜ëŠ˜ì— ë– ìžˆëŠ”ê²ƒ ê°™ì€ ëŠë‚Œì´ ë„ˆë¬´ë„ˆë¬´ ì¢‹ì•˜ì–´ìš”.

ë‹¤ì‹œ í•˜ê³ ì‹¶ìŠµë‹ˆë‹¤ ~!!
ì§€ê¸ˆê» ë³´ì•˜ë˜ ì‚° ì •ìƒì—ì„œ ë³´ëŠ” í’ê²½ë“¤ì€ í•˜ëŠ˜ì—ì„œ ë³´ëŠ” í’ê²½ì— ë¹„í•˜ë©´ ì•„ë¬´ê²ƒë„ ì•„ë‹ì •ë„ë¡œ ë„ˆë¬´ ì•„ë¦„ë‹¤ì› ìŠµë‹ˆë‹¤ êµê´€ë‹˜ë“¤ë„ ë„ˆë¬´ ì¹œì ˆí•˜ì‹œêµ¬ ë•ë¶„ì— ì•ˆì „í•˜ê²Œ ì¦ê²ê²Œ ìžŠì§€ ëª» í•  ê²½í—˜ì´ì˜€ìŠµë‹ˆë‹¤! ëª©ì†Œë¦¬ ì¢‹ì€ êµê´€ë‹˜ ê°ì‚¬í•©ë‹ˆë‹¤~
ë›°ì–´ë‚´ë ¸ì„ë•Œ ì§„ì§œ ìŠ¤ë¦´ìžˆì—ˆê³  
ë‚™í•˜ì‚°íŽ´ì„œ ì£¼ë³€ êµ¬ê²½ì‹œì¼œì£¼ì…¨ì„ë• ê°íƒ„ë°–ì— ì•ˆë‚˜ì™”ì–´ìš” ã… ã…  ì§±ì§± ã… ã… ã… 
ì œ ì¸ìƒ ìµœëŒ€ì—…ì  ë‹¬ì„±í•œê±° ê°™ìŠµë‹ˆë‹¤. ê¸°íšŒê°€ ë˜ë©´ í•œë²ˆë” í•˜ê³  ì‹¶ìŠµë‹ˆë‹¤.
ë‚ ì”¨ë„ ì¢‹ê³  
ì¹œì ˆí•˜ì‹  êµê´€ë‹˜ë“¤ì´ 
ì•ˆì „í•˜ê²Œ ë„ì™€ì£¼ì…”ì„œ ê°ì‚¬í–ˆìŠµë‹ˆë‹¤!!
ìµœê³ ì˜€ì–´ìš”!!!!!
ë¹„í–‰ê¸° íƒ€ê³  ì˜¬ë¼ê°ˆ ë•Œê¹Œì§€ ë–¨ë¦¬ê³  ë¬´ì„œì› ëŠ”ë° ë›°ì–´ë‚´ë¦¬ìž ë§ˆìž ì•„ë¦„ë‹¤ìš´ í’ê²½ì´ íŽ¼ì³ì ¸ì„œ ë„ˆë¬´ ì¢‹ì•˜ì–´ìš”! ê°™ì´ ë›°ì–´ì£¼ì‹œëŠ” êµê´€ë‹˜(?)ë“¤ë„ ì¹œì ˆí•˜ì‹œê³  ê¸´ìž¥ í’€ì–´ì£¼ì‹œë ¤ ë§ë„ ë§Žì´ ê±¸ì–´ì£¼ì…¨ì–´ìš”! ë¹„í–‰ê¸°ì—ì„œëŠ” ì´ë²ˆ ì²´í—˜ì´ ì²˜ìŒì´ìž ë§ˆì§€ë§‰ì´ë‹¤ëž€ ìƒê°ë¿ì´ì—ˆëŠ”ë° ëë‚˜ê³  ë‚˜ì„œëŠ” ë‹¤ìŒì— ê¸°íšŒë˜ë©´ ë˜ í•´ì•¼ì§€ë¼ê³  ìƒê°í–ˆìŠµë‹ˆë‹¤! ê·¸ë¦¬ê³  ë‚™í•˜í•  ë•ŒëŠ” 3300m ë†’ì€ ê±¸ë¡œ í–ˆëŠ”ë°ë„ ë” ì˜¤ëž˜ í•˜ëŠ˜ì„ ë‚ ê³  ì‹¶ë‹¤ëŠ” ìƒê°í–ˆì–´ìš”! ë²„í‚·ë¦¬ìŠ¤íŠ¸ì— ìŠ¤ì¹´ì´ ë‹¤ì´ë¹™ì´ ìžˆìœ¼ì‹œë©´ ê¼­ í•´ë³´ì‹œë¼ê³  ì¶”ì²œë“œë¦¬ê³  ì‹¶ì–´ìš”!! ê·¸ë¦¬ê³  ì´ì™•í•˜ì‹¤ê±°ë©´ ë‚®ì€ ê²ƒ ë§ê³  ë†’ì€ ê±¸ë¡œí•˜ì„¸ìš”~",ë¹„í–‰ê¸° ê¸°íšŒ í•˜ëŠ˜ ë•Œ í’ê²½ í•œë²ˆ ìµœê³  ë‹¤ì‹œ ë˜ ìƒê° ê±¸ ë‹¤ì‹œ ë” ë‚  ë˜ ìƒê° ë•Œ ë‹´ ë µë‹ˆ ê°€ë³´ êµê´€ í•˜ëŠ˜ ì € ìƒ˜ ë¹„í–‰ ìŠ¤ë¦´ ìˆœê°„ ìº  ë‚ ì”¨ í’ê²½,X,X,O,X,ì¶©ì²­ë¶ë„ ì¶©ì£¼ì‹œ ë‹¨ì•”ê¸¸ 19-1,A03,A0304,A03040100
10,ì–‘í‰ ë¯¸ëž˜í•­ê³µìŠ¤í¬ì¸ ,"ìš°ë¦¬ë‚˜ë¼ì—ì„œ ê°€ìž¥ ë†’ì€ê³³ì— ìœ„ì¹˜í•œ í™œê³µìž¥ì´ë¼ê³  í•˜ëŠ”ë° ì—­ì‹œ ë†’ì€ë§Œí¼ ë·°ê°€ ì˜ˆìˆ ìž…ë‹ˆë‹¤.
ì„œìš¸ ê·¼êµì— ìžˆì–´ì„œ ì ‘ê·¼ì„±ë„ ì¢‹ê³  íŒ¨ëŸ¬ê¸€ë¼ì´ë”© ìžì²´ë„ ë„ˆë¬´ ìž¬ë¯¸ìžˆê³  ì¦ê±°ìš´ ê¸°ì–µìœ¼ë¡œ ë‚¨ì„ê²ƒ ê°™ì€ë°, í™œê³µìž¥ê¹Œì§€ 25ë¶„ ì •ë„ íŠ¸ëŸ­ì„ íƒ€ê³  ê°€ëŠ” ê¸¸ ë§ˆì €ë„ ì§„ì§œ í‰ì†Œì— ì ˆëŒ€ ì²´í—˜í•´ ë³´ì§€ ëª»í•  ê²ƒ ê°™ì€ ì˜¤í”„ë¡œë“œ ì²´í—˜ê¹Œì§€ ë¤ìœ¼ë¡œ í•´ ë³¼ ìˆ˜ ìžˆì–´ì„œ ìž¬ë¯¸ì™€ ìŠ¤ë¦´ 2ë°°ëžë‹ˆë‹¤.
ì°©ë¥™í•˜ê³  ë‚˜ì„œ ë³µìž¥ í•´ì²´ì„œë¶€í„° ì‚¬ì§„ê³¼ ë™ì˜ìƒ ë‹¤ìš´ë¡œë“œê¹Œì§€ ê°ê° ë¶„ì—…í™”ê°€ ì² ì €ížˆ ë˜ì–´ ìžˆì–´ì„œ ì¼ì‚¬ì²œë¦¬ë¡œ ì§„í–‰ì´ ë˜ê³  ì§ì›ë¶„ë“¤ë„ ëª¨ë‘ ì¹œì ˆí•´ì„œ ì—¬ê¸° ì •ë§ ê°•ì¶”ë“œë¦½ë‹ˆë‹¤ ^^
#ì–‘í‰íŒ¨ëŸ¬ê¸€ë¼ì´ë”© #ë¯¸ëž˜í•­ê³µìŠ¤í¬ì¸  
ì˜ˆì•½ë¶€í„° ì¹œì ˆí•˜ê²Œ ì‘ëŒ€í•´ì£¼ì‹œê³  ê¸°ë¶„ì´ ì¢‹ì•˜ìŠµë‹ˆë‹¤. ë°”ëžŒë„ ë³„ë¡œ ì•ˆë¶ˆê³  ë§‘ì€ë‚ ì´ë¼ ê²½ì¹˜ë„ ëë‚´ì¤¬êµ¬ìš” í•˜ëŠ˜ì—ì„œ íƒ€ëŠ” ë°”ì´í‚¹ì€ ì •ë§ ìž¬ë°Œì—ˆìŠµë‹ˆë‹¤!!  ë‚˜ì¤‘ì— ë©‹ì§„ ê°€ì„ê²½ì¹˜ë³´ëŸ¬ í•œë²ˆ ë” ë“¤ë¦¬ê² ìŠµë‹ˆë‹¤~
ì–‘í‰ í•˜ëŠ˜ìœ„ì—ì„œ ë°”ë¼ë³´ëŠ” ì„¤ì‚°!!ðŸ«°ì •ë§ ë„ˆë¬´ë„ˆë¬´ ì¢‹ì€ ê²½í—˜ì´ì—ˆê³  ê²¨ìš¸ì´ë¼ ì¡°ê¸ˆ ê±±ì •ë„ ëì—ˆëŠ”ë° ë‹¤í–‰ížˆ ê±´ë‚´ì£¼ì‹  ì˜·ì´ ê²¨ìš¸ ì „ìš© ì˜·ì´ë¼ í’ˆì´ ë‘íˆ¼í•˜ê³  ë„’ì–´ì„œ íŒ¨ë”©ìž…ê³ ë„ ì¶©ë¶„ížˆ íƒˆ ìˆ˜ ìžˆë”ë¼êµ¬ìš”?! ì €ëŠ” í›„ë¦¬ìŠ¤ì™€ ë¡±íŒ¨ë”© ë‘ê°œë¥¼ìž…ê³ ë„ íƒˆ ìˆ˜ ìžˆì—ˆë‹µë‹ˆë‹¤!!!âœ¨ï¸ì œ ë²„í‚·ë¦¬ìŠ¤íŠ¸ê°€ ìŠ¤ìœ„ìŠ¤ì—ì„œ íŒ¨ëŸ¬ê¸€ë¼ì´ë”© í•´ë³´ëŠ”ê±´ë° êµ³ì´ ì•ˆ í•´ë´ë„ ë  ê²ƒ ê°™ì€ëŽìš”? ã…Žã…Žã…Ž ê°•ì›ë„ì˜ ìŠ¤ìœ„ìŠ¤ì¸ ê²ƒ ê°™ì•„ìš”!! ëˆˆì´ ë½€ì–—ê²Œ ê¹”ë ¤ì„œ ëŠ¥ì„ ì´ ì •ë§ ìž˜ ë³´ì´ë”ë¼êµ¬ìš” !! íƒ€ê¸°ì „ì— ì •ìƒìœ„ì—ì„œ ì‚¬ì§„ë„ ì—„ì²­ì—„ì²­ ë§Žì´ ì°ì–´ì£¼ì‹œë‹ˆê¹Œ (ì‹¬ì§€ì–´ ìž˜ì°ì–´ì£¼ì‹¬â—ï¸) í˜¼ìžíƒ€ëŸ¬ì˜¤ì‹  ë¶„ë“¤ë„ ê±±ì • ì•ˆ í•˜ì…”ë„ ë  ê²ƒ ê°™ì•„ìš” !! ì €í¬ê°€ íƒ€ëŸ¬ê°”ì„ë•Œë„ í˜¼ìžì˜¤ì‹ ë¶„ë„ ê³„ì‹œë”ë¼êµ¬ìš”?? 'ì–‘í‰íŒ¨ëŸ¬ê¸€ë¼ì´ë”© ë¯¸ëž˜í•­ê³µìŠ¤í¬ì¸ ' ê°•ë ¥ì¶”ì²œ ë“œë¦½ë‹ˆë‹¤!! ìš” ê·¼ëž˜ í•´ë³¸ ì—‘í‹°ë¹„í‹° ì¤‘ ìµœê³ ðŸ©·
20kg ë„˜ìœ¼ë©´ íƒˆ ìˆ˜ ìžˆë‹¤ê³  í•˜ì…”ì„œ 6ì‚´ ì•„ì´ë„ ìž˜ íƒ€ê³  ì™”ìŠµë‹ˆë‹¤ ^^
ê°•ì‚¬ë‹˜ì´ ì›Œë‚™ ê²½ë ¥ì´ ë§Žìœ¼ì‹œê³ , ì¹œì ˆí•˜ì…”ì„œ ì•ˆì „í•˜ê²Œ ìž˜ íƒœì›Œì£¼ì‹œë”ë¼êµ¬ìš”. 
ì¶¥ì§€ ì•Šì„ê¹Œ ê±±ì •í–ˆëŠ”ë° ìŠ¤í‚¤ë³µ ê°™ì€ ë¹„í–‰ì˜·ì´ ìžˆì–´ì„œ ì¶¥ì§€ ì•Šê³ , ì¦ê²ê²Œ ìž˜ íƒ€ê³  ì™”ìŠµë‹ˆë‹¤. 
ì•„ì´ê°€ ë˜ íƒ€ëŸ¬ ê°€ê³  ì‹¶ë‹¤ë„¤ìš”~! ã…Žã…Ž ì§‘ì— ì™€ì„œë„ ê³„ì† íŒ¨ëŸ¬ê¸€ë¼ì´ë”© ì–˜ê¸°ë§Œ í•´ìš”. ã…Žã…Žã…Ž
#ë¯¸ëž˜í•­ê³µìŠ¤í¬ì¸  ì˜¤ëŠ˜ ì •ë§ ìž¬ë°Œê²Œ íƒœì›Œì£¼ì…”ì„œ ì²˜ìŒì´ë¼ ë§Žì´ ë–¨ë ¸ëŠ”ë° ì¢‹ì€ ê²½í—˜í•˜ê³  ê°‘ë‹ˆë‹¤!! ì§„ì§œ ì´ëŸ°ê²½í—˜ ë‚œìƒì²˜ìŒì´ë„¤ìš” ì§ì ‘íƒ€ì§€ ì•Šìœ¼ë©´ í‰ìƒ ëª°ëžì„ ê²ƒ ê°™ì•„ìš”. 
ë‚ ì”¨ë•Œë¬¸ì— 2ë²ˆ ë‚ ì§œë³€ê²½ í›„ ì˜¤ëŠ˜ ì˜¤ê²Œë˜ì—ˆì–´ìš”! 
ëšœë²…ì´ì§€ë§Œ ì•„ì‹ ì—­ì—ì„œ í”½ì—…í•´ì£¼ì…”ì„œ ì°¨ íƒ€ê³  íŽ¸í•˜ê²Œ íŒ¨ëŸ¬ê¸€ë¼ì´ë”© ìž¥ì†Œê¹Œì§€ ê°”ì–´ìš” ã…Žã…Ž ðŸ¥³ ë„ì°©í•˜ë‹ˆ ì§ì›ë¶„ë“¤ë„ ë„ˆë¬´ ì¹œì ˆí•˜ì‹œê³ , íƒ€ëŸ¬ ì˜¬ë¼ê°€ê¸° ì „ ì¸ìƒìƒ·ê¹Œì§€ ë‚˜ì´ìŠ¤! ì‚¬ì§„ ë§Žì´ ê±´ì§€ê³  ì˜µë‹ˆë‹¤ ^~^
ì‚°ì´ ë†’ì•„ì„œ ì´ë¥™ ìž¥ì†Œê¹Œì§€ ì°¨íƒ€ê³  ì˜¬ë¼ê°€ëŠ”ê²ƒë„ ìž¬ë°Œì—ˆê³  ê°™ì´ íƒ€ì‹œëŠ” ê°•ì‚¬ë¶„ë“¤ë„ ë„˜ ì¹œì ˆí•˜ì‹œê³  ìœ ì¾Œí•˜ì…”ì„œ ë” ìž¬ë¯¸ìžˆì—ˆë„¤ìš” ã…‹ã…‹ã…‹ íŒ¨ëŸ¬ê¸€ë¼ì´ë”© íƒˆ ë• ì²œì²œížˆ í’ê²½êµ¬ê²½ í•˜ë‹¤ê°€ ë§ˆì§€ë§‰ì—” ì„ íƒí•˜ì— ë°”ì´í‚¹(?)ê°™ì´ ë†€ì´ê¸°êµ¬ íƒ€ëŠ”ë“¯í•œ ì½”ìŠ¤ê°€ í•˜ë‚˜ ìžˆì—ˆì–´ìš” ã…‹ã…‹ã…‹ ë„ˆë¬´ë„ˆë¬´ ì¢‹ì€ ê²½í—˜ì´ì˜€ìŠµë‹ˆë‹¤. ë‚˜ì¤‘ì— í’ê²½ì´ ì´ì  ë•Œ í•œë²ˆ ë” ì˜¤ê³ ì‹¶ì–´ìš”!~ ì¢‹ì€ì¶”ì–µ í•˜ë‚˜ ë‚¨ê¸°ê³ ê°‘ë‹ˆë‹¹
ì½”ìŠ¤ë„ ì™„ì „ ì¢‹ê³  ìž¬ë¯¸ë„ ìžˆê³ 
ìŒ¤ë“¤ì´ ì‚¬ì§„ë„ ìž˜ ì°ì–´ì£¼ì‹œêµ¬ ì™„ì „ ì¢‹ë‹¹ðŸ©µðŸ©µ

ì¸ìƒìƒ·ë„ ê±´ì§€ê³  ê°’ì§„ ì¶”ì–µë§Œë“¤ ìˆ˜ ìžˆì–´ì„œ
ì™„ì „ ìµì˜¤ðŸ¦‹
ë¦¬ë·°ìž‘ì„±ì´ ëŠ¦ì—ˆë„¤ìš”~ìž¥ëª¨ë‹˜ì´ íŒ¨ëŸ¬ê¸€ë¼ì´ë”©ì„ í•˜ê³ ì‹¶ë‹¤ê³  í•˜ì…”ì„œ ì–‘í‰ ë¯¸ëž˜í•­ê³µìŠ¤í¬ì¸ ë¥¼ ì´ìš©í–ˆìŠµë‹ˆë‹¤~ì¦ê²ê²Œ ìž˜ íƒ€ì…¨ë‹¤ê³  í•˜ì‹œë‹ˆ ì €ë„ í•œë²ˆ íƒ€ë³´ê³  ì‹¶ë”ë¼êµ¬ìš”~ìƒê° ìžˆìœ¼ì‹  ë¶„ë“¤ì€ í•œë²ˆì¯¤ ê²½í—˜í•´ ë³´ì‹œëŠ”ê²ƒë„ ì¢‹ì„ê²ƒ ê°™ìŠµë‹ˆë‹¤~!ì‚¬ì—… ë²ˆì°½í•˜ì„¸ìš”~!!
ëˆˆì˜¬ë•Œ íƒ”ë”ë‹ˆ ì™„ì „ ë¡œë§¨í‹±í–ˆì–´ìš” !! ì§ì›ë¶„ë“¤ì´ ì „ë¶€ ì¹œì ˆí•˜ì‹œê³  â¤ï¸ ì•ˆì „í•˜ê²Œ íƒœì›Œì£¼ì…”ì„œ í•˜ë‚˜ë„ ì•ˆ ë¬´ì„œì› ìŠµë‹ˆë‹¤ðŸ‘ðŸ»ðŸ’• 

í•˜ëŠ˜ì„ ë‚˜ëŠ” ìƒˆê°€ ëœ ê¸°ë¶„ì´ì—ˆì–´ìš”ðŸ‘ðŸ»
ì–‘í‰ íŒ¨ëŸ¬ê¸€ë¼ì´ë”© ë¯¸ëž˜í•­ê³µìŠ¤í¬ì¸  ê²¨ìš¸ë¹„í–‰ ë°ì´íŠ¸ì½”ìŠ¤ë¡œ ë„ˆë¬´ ìµœê³ ì¸ê±° ê°™ì•„ìš”! ì œê°€ ê°ˆë•Œ ì „ë‚  ëˆˆê¹Œì§€ì™€ì„œ ì‚° ì •ìƒì—ì„œ ë‚´ë ¤ì˜¤ë©´ì„œ ë³´ëŠ” ì„¤ì‚° í’ê²½ì€ ê²¨ìš¸ë¹„í–‰ì˜ ë¬˜ë¯¸ ì¸ê±° ê°™ì•„ìš”! ê·¸ë¦¬ê³  ê°•ì‚¬ë‹˜ì´ëž‘ ì§ì›ë¶„ë“¤ ë‹¤ ë„ˆë¬´ ì¹œì ˆí•˜ì‹œê³  ì‚¬ì§„ì´¬ì˜ì´ëž‘ ë™ì˜ìƒë„ ë„ˆë¬´ë„ˆë¬´ ìž˜ ì°ì–´ì£¼ì…”ì„œ ìžŠì§€ëª»í•  ê¸°ì–µë§Œë“¤ì–´ì£¼ì…”ì„œ ë„ˆë¬´ë„ˆë¬´ ê°ì‚¬í•©ë‹ˆë‹¤ã…Žã…ŽðŸ’•",íŒ¨ëŸ¬ê¸€ë¼ì´ë”© íƒ€ê³  ê²ƒ ìˆ˜ ì²´í—˜ ìš” í˜¼ìž ì§„ì§œ ìµœê³  ë¯¸ëž˜ í•œë²ˆ ì™„ì „ ë” ì‚¬ì§„ í’ê²½ íŒ¨ëŸ¬ê¸€ë¼ì´ë”© í•˜ëŠ˜ ì–‘í‰ ê²½í—˜ ê°•ì‚¬ ê²¨ìš¸ ì •ë§ ì˜· ëˆˆ ë¹„í–‰ íŒ¨ëŸ¬ê¸€ë¼ì´ë”© ë•Œ ê±±ì • íƒˆ í›„,X,O,O,O,ê²½ê¸°ë„ ì–‘í‰êµ° ì˜¥ì²œë©´ ë™ë§‰ê¸¸ 49,A03,A0304,A03040300
11,ì—ì–´ í”¼ë‹‰ìŠ¤,"ì‚¬ìž¥ë‹˜ì´ëž‘ ê´€ê³„ìž ë¶„ë“¤ ë‹¤ë“¤ ë„ˆë¬´ íŽ¸ì•ˆí•˜ê²Œ ì¹œì ˆí•˜ê²Œ ëŒ€í•´ì£¼ì…”ì„œ ì¢‹ì•˜êµ¬ìš©!
ë¬´ì—‡ë³´ë‹¤ ë„ˆë¬´ ìž˜ íƒœì›Œì£¼ì…”ì„œ ê°ì‚¬í–ˆì–´ìš”~~~!
ë¹„í–‰í•˜ë©° ìƒ‰ë‹¤ë¥´ê³  ê°’ì§„ ê²½í—˜ì„ í–ˆì–´ìš”!
ê¸°ì¡´ì‹œê°„ë³´ë‹¤ ë”  íƒœì›Œì£¼ì‹œë ¤í•˜ê³ , ê³„ì† ì†ë‹˜ìƒíƒœ ì‚´íŽ´ì£¼ì‹œê³  ì‹ ê²½ì¨ì£¼ì…¨ì–´ìš”:)
ì•ˆì „í•˜ê²Œ ìž˜ íƒœì›Œì£¼ì…”ì„œ ê°ì‚¬í•©ë‹ˆë‹¤^-^
ë‹¤ë¥¸ë¶„ë“¤ë„ ê¼­! ì´ìš©í•´ë³´ì„¸ìš©ã…Žã…Ž
ì•„ë¬´ë¦¬ ë°”ëžŒì´ì—†ë‹¤í•´ë„ 15ë¶„ì§œë¦¬ë¥¼ ê²°ì œë¥¼í–ˆëŠ”ë° ëœ¨ìžë§ˆìž ë°”ë¡œ ë‚´ë ¤ì˜¤ëŠ”... ì¶œë°œë¶€í„° ë„ì°©í•´ì„œ ìž¥ë¹„í’€ë•Œê¹Œì§€ ì˜ìƒì´ ë”±  5ë¶„íƒœì›Œì£¼ê³ .. ëë‚´ë²„ë¦¬ì…¨ë„¤ìš¤... ì´ê±´ë­... ë„ˆë¬´ ìž¬ë¯¸ì—†ê¸°ë„í•˜ê³  ëˆë„ ì•„ê¹Œì› ì–´ìš”.. ",ìš© ì‚¬ìž¥ ê´€ê³„ìž ëŒ€í•´ ë¬´ì—‡ ë¹„í–‰ ê²½í—˜ ëˆ ìš¤ ì´ê±´ ë°”ëžŒ ë°”ë¡œ ìš¤ ì˜ìƒ ë„ì°© í’€ë•Œ ì´ê±´ ê²°ì œ ëë‚´ ê¸°ë„ ì†ë‹˜ ë‹¤ë¥¸ ê¸°ì¡´ ìƒíƒœ ê¼­ ë” ê³„ì† ì‹ ê²½ ì‹œê°„ ê²½í—˜,X,X,O,X,ì „ë¶íŠ¹ë³„ìžì¹˜ë„ ì™„ì£¼êµ° êµ¬ì´ë©´ ë•ì²œë¦¬,A03,A0304,A03040300
12,ì—¬ìˆ˜êµ­ê°€ëŒ€í‘œíŒ¨ëŸ¬ê¸€ë¼ì´ë”©,"ì‚°ë¦¼ë°”ìš°ì²˜ë¡œ ì´ìš©í–ˆì–´ìš”-!

ë²šê½ƒ í”¼ì—ˆì„ë•Œ ìž¬ë°©ë¬¸í•˜ê³  ì‹¶ì—ˆëŠ”ë° ì‹œê¸° ë”± ë§žì¶° ìž˜ ì˜¨ê²ƒ ê°™ì•„ìš”ðŸ˜Ž
íŒ¨ëŸ¬ê¸€ë¼ì´ë”©í•˜ë©´ì„œ ë³´ëŠ” ë´„í’ê²½ ë„ˆë¬´ ì˜ˆì˜ê³ ìš”ðŸŒ¸ ì‚¬ë¬´ì‹¤ ì§ì›ë¶„ë„ ì¹œì ˆí–ˆì–´ìš”-!
ê°•ì‚¬ë‹˜ë„ ì—¬ì „ížˆ ì¹œì ˆí•˜ê³  ì™„ì „ ìž¬ë°Œê²Œ íƒœì›Œì£¼ì…¨ì–´ìš”ðŸ’• ëª¬ê°€ ì§€ë‚œë²ˆë³´ë‹¤ ì¹´ë©”ë¼ í™”ì§ˆë„ ë” ì¢‹ì•„ì§„ ê²ƒ ê°™ì•„ìš” (?) ë¬´íŠ¼ê°„ì— ë‹¤ìŒì— ë˜ ì˜¬ê±°ì—ìš”ðŸ‘ŠðŸ»
ì™•ì™•ì¶”ì²œí•´ìš”ðŸ‘ðŸ»ðŸ‘ðŸ»ðŸ‘ðŸ»
ì‚¬ì§„ë„ ë™ì˜ìƒë„ ë„ˆë¬´ ë§˜ì— ë“¤ì–´ìš”~!! ì•„ì´ë“¤ì´ ì²¨ì—” ì„¤ë ˆë©´ì„œ ê¸´ìž¥ë˜ê³  ë–¨ë¦°ë‹¤ë”ë‹ˆ. ê·¹ë³µí•˜ê³  ë„ì „í•˜ë‹ˆ ë„ˆë¬´ ìž¼ìžˆì—ˆê³  ì¢‹ì•˜ë‹¤ê³ ! ë˜ íƒ€ëŸ¬ ì˜¤ìžê³  í•˜ë„¤ìš” ã…Žã…Ž ì¢‹ì€ ê²½í—˜ì´ ëœê±° ê°™ì•„ìš”ðŸ˜ ê°•ì‚¬ë‹˜ë“¤ì´ ë„ˆë¬´ ì¹œì ˆí•˜ì‹œê³  ê°€ê²Œ ë‚´ë¶€ë„ ì´ì˜ê³ ~ ë°±ë²ˆ ì¶”ì²œë“œë ¤ìš”
ì—¬ìˆ˜ ì—¬í–‰ì—ì„œ ì œì¼ ìž˜í•œ ê²ƒ ì¤‘ í•˜ë‚˜!
ê²ì´ ë§Žì€ íŽ¸ì´ì§€ë§Œ ì •ë§ ìž¬ë°Œê²Œ í•˜ëŠ˜ ë‚ ê³  ì™”ì–´ìš”.
ì¡°ì¢…ì‚¬ë‹˜&ì§ì›ë¶„ë“¤ì´ ì¹œì ˆí•˜ê³  ì°¨ë¶„í•˜ê²Œ ì„¤ëª…í•´ì£¼ì‹­ë‹ˆë‹¤
ë‹¤ì´ë‚˜ë¯¹ë¹„í–‰ ê¿€ìž¼ì´ë‹ˆê¹Œ ì´ì™•ì´ë©´ ì´ê±¸ë¡œ í•˜ì„¸ìš”!!
ì •ë§ ìµœê³ ì˜ ê²½í—˜ì´ì—ˆìŠµë‹ˆë‹¤! 
ì—¬ìˆ˜ êµ­ê°€ëŒ€í‘œ íŒ¨ëŸ¬ê¸€ë¼ì´ë”©ì€ ì‹¤ì œ êµ­ê°€ëŒ€í‘œ ì¶œì‹  ë¶„ë“¤ê»˜ì„œ í•¨ê»˜í•´ì„œ ì•ˆì‹¬ì´ì—ˆì–´ìš” 
ì—¬ìˆ˜ëŠ” ì‚°ê³¼ ë°”ë‹¤ë¥¼ í•¨ê»˜ í•œëˆˆì— ë³¼ ìˆ˜ ìžˆì–´ì„œ ì¢‹ë„¤ìš”~~ ðŸ‘ðŸ»ðŸ‘ðŸ»ðŸ‘ðŸ»ðŸ¥° ë„ˆë¬´ ì¢‹ì•˜ìŠµë‹ˆë‹¤!!
ì˜ˆì•½ë°›ìœ¼ì‹œëŠ”ë¶„ ì—„ì²­ ì¹œì ˆí•˜ì„¸ìš”~ í˜¼ìžì™”ë‹¤ê³  ì‚¬ì§„ë„ ì°ì–´ì£¼ë ¤í•˜ì‹œê³ .. ì—„ì²­ ê°ì‚¬í–ˆìŠµë‹ˆë‹¤!
ê·¸ë¦¬ê³  êµê´€ë‹˜ì´ ì—„ì²­ ë°°í…Œëž‘ì´ì…”ì„œ ë§ˆìŒíŽ¸í•˜ê²Œ ì¶©ë¶„ížˆ ì¦ê¸¸ìˆ˜ìžˆì—ˆìŠµë‹ˆë‹¤.
ê¸°íšŒê°€ ë˜ ëœë‹¤ë©´ ìž¬ë°©ë¬¸í•˜ê² ìŠµë‹ˆë‹¤~
ê°•ì‚¬ë‹˜ì´ ì¹œì ˆí•˜ê²Œ ìž˜ ì„¤ëª…í•´ì£¼ì‹œê³  íƒ€ëŠ” ë™ì•ˆ ì§€ë£¨í•˜ì§€ ì•Šê²Œ ì–˜ê¸°í•´ì£¼ì‹­ë‹ˆë‹¤. ì¤‘ê°„ì— íŒ¨ëŸ¬ê¸€ë¼ì´ë”©ì„ ì§ì ‘ ìš´ì „í•´ë³¼ ê¸°íšŒê°€ ì£¼ì–´ì¡ŒëŠ”ë° ì‚´ì§ ê¸´ìž¥ì´ ë˜ë©´ì„œë„ ìž¬ë¯¸ìžˆëŠ” ê²½í—˜ì´ì—ˆìŠµë‹ˆë‹¤. ë§ˆì§€ë§‰ì— ë†€ì´ê¸°êµ¬ íƒ€ë“¯ì´ íƒœì›Œì£¼ì…¨ëŠ”ë° ì‹¬ìž¥ì´ ì«„ê¹ƒí•´ì§€ëŠ” ê²½í—˜ì„ í–ˆìŠµë‹ˆë‹¤~ ì°©ë¥™ê¹Œì§€ ì•„ì£¼ ë‚˜ì´ìŠ¤í•˜ê²Œ í•´ì„œ ë§¤ìš° ìž¬ë¯¸ìžˆì–´ìš”~!!! ã…‹
ë‚  ì¢‹ì€ ë‚  ë°©ë¬¸í•´ì„œ ë°”ë¡œ ì¤€ë¹„í•˜ê³  ì²´í—˜í–ˆì–´ìš” ! ë¬´ì„œìš¸ê¹Œ ê±±ì •í–ˆëŠ”ë° ê°•ì‚¬ë¶„ë“¤ê»˜ì„œ ì¹œì ˆí•˜ê²Œ ì„¤ëª…í•´ì£¼ì‹œê³  ì•ˆì „í•˜ê³  ì¦ê±°ìš´ ë¹„í–‰ ë§Œë“¤ì–´ì£¼ì…”ì„œ ì¢‹ì•˜ìŠµë‹ˆë‹¹ ë‹¤ìŒì— ë˜ ì˜¤ê³  ì‹¶ì–´ìš”~
It's so excitingï¼Œso much funï¼ï¼ï¼ it was actually a really great experienceï¼ï¼ï¼ï¼
7ì‚´ ì•„ì´ì™€ ë°©ë¬¸ í•˜ì˜€ìŠµë‹ˆë‹¤ :) 
ë§¤ìž¥ì´ ì •ë§ ê°ì •ìžˆê²Œ ê¾¸ë©°ì ¸ ìžˆì–´ì„œ ì œì£¼ë„ ëŠë‚Œì´ë¼ ëŒ€ê¸°í•˜ë©´ì„œ ë§¤ìž¥ êµ¬ê²½ë„ í•˜ê³  ê°•ì‚¬ë‹˜ë“¤ì´ ë‹¤ë“¤ ì¹œì ˆí•˜ì‹œê³  ì„¤ëª…ë„ ìž˜ í•´ì£¼ì…”ì„œ ì¢‹ì•˜ì–´ìš”!!
ë‹¤ìŒì— ì—¬ìˆ˜ ì˜¤ë©´ ë˜ ë°©ë¬¸ í•˜ê² ìŠµë‹ˆë‹¤ ì•„ë“¤ë„ ë¬´ì„œì›Œ í•˜ ì§€ ì•Šê³  ìž¬ë°ŒëŠ” ì¶”ì–µ ë§Œë“¤ê³  ê°‘ë‹ˆë‹¤ :)


ì´ë¥™ë¶€í„° ì°©ë¥™ê¹Œì§€ ëª¨ë“ ê²Œ ì™„ë²½í–ˆìŠµë‹ˆë‹¤..ðŸŒŸ ê·¸ ì–´ë–¤ ë†€ì´ê¸°êµ¬ë³´ë‹¤ ì¢‹ì•˜ì–´ìš” ã…œã…œ ë°”ë‹¤ë„ ê°™ì´ ë³´ì´ëŠ”ê²Œ ì´ë»¤ê³ , ë²šê½ƒì´ ì§€ê¸° ì¡°ê¸ˆ ë” ì „ì´ì—ˆë‹¤ë©´ ë”ìš± ì´ë»¤ì„ê±° ê°™ì•„ìš”..!! íŒ¨ëŸ¬ê¸€ë¼ì´ë”© ê²½í—˜ì€ ì‹œê°„ì´ ì§€ë‚˜ë„ ì ˆëŒ€ ëª» ìžŠì„ê±° ê°™ë„¤ìš”!",ê¸´ìž¥ íŒ¨ëŸ¬ê¸€ë¼ì´ë”© ê²½í—˜ ì‚¬ì§„ ë¹„í–‰ ì„¤ëª… ë¶„ ê¸°íšŒ ì§ì› ê±¸ ë˜ ê°•ì‚¬ ì—¬ìˆ˜ ë‹¤ìŒ ë‚  ë°©ë¬¸ ì •ë§ ì„¤ëª… ë§¤ìž¥ ë°”ë‹¤ ê²½í—˜ ë°©ë¬¸ ìž¬ íŒ¨ëŸ¬ê¸€ë¼ì´ë”© ë²šê½ƒ ì°©ë¥™ ë†€ì´ê¸°êµ¬ ì§ì› í’ê²½ ë´„,O,X,O,O,ì „ë¼ë‚¨ë„ ì—¬ìˆ˜ì‹œ ë§ì–‘ë¡œ 225,A03,A0304,A03040300
13,ì¡°ë‚˜ë‹¨ íŒ¨ëŸ¬ê¸€ë¼ì´ë”© ìŠ¤ì¿¨,"ì§„ì§œ ë„ˆë¬´ë„ˆë¬´ ìž¬ë°Œì—ˆê³ , ê°•ì‚¬ë‹˜ë“¤ì´ ì¹œì ˆí•˜ê³  ìœ ì¾Œí•˜ì…”ì„œ ë” ë§Œì¡±ìŠ¤ëŸ¬ì› ì–´ìš”. í‰ì°½ê¹Œì§€ ê°€ì„œ í•œ ê±´ë°, ê°„ ì˜ë¯¸ê°€ ìžˆì—ˆë„¤ìš”. í•˜ëŠ˜ì„ ë”± ë‚´ë ¤ë‹¤ë³´ëŠ” ìˆœê°„ ì •ë§ ì™€ ë„ˆë¬´ ë»¥ ëš«ë¦¬ê³  ì´ëŸ° ê²½í—˜ì€ ì²˜ìŒì´ë¼ ë¿Œë“¯í•˜ê³  ê·¸ë ‡ë”ë¼êµ¬ìš”.
ìŠ¤íŠ¸ë ˆìŠ¤ ë°›ê³  ì´ëž˜ì €ëž˜ ë²ˆì•„ì›ƒì´ ì™€ì„œ í˜¼ìž ì—¬í–‰ ë‹¤ë‹ˆë‹¤ê°€, ì™ ì§€ .. í•˜ëŠ˜ì„ ë‚ ê³  ì‹¶ë”ë¼êµ¬ìš” ã…Žã…Ž ì¶”ì„ì—°íœ´ í˜¼ìž íŒ¨ëŸ¬ ê¸€ë¼ì´ë”© í•˜ê³  ì™”ëŠ”, ì§§ì€ì‹œê°„ ì‹œì›í•œ ë°”ëžŒ ë§žìœ¼ë©´ì„œ ë‹µë‹µí•œ ê°€ìŠ´ì´ íƒ íŠ¸ì´ëŠ” ëŠë‚Œì´ì˜€ì–´ìš” ~ ë‹¤ìŒì—” ìŠ¤ì¹´ì´ ë‹¤ì´ë¹™ì„ ë„ì „ í•´ë³´ë ¤ê³  í•©ë‹ˆë‹¤ ^^ í•œë²ˆì¯¤ í•´ë³´ì„¸ìš” ë„ˆë¬´ë„ˆë¬´ ì¢‹ë„¤ìš”
ë¬´ì¡°ê±´ ìž¬ë°ŒìŠµë‹ˆë‹¤....ã…Žã…Žã…Ž
ì¼ë‹¨ íŒ¨ëŸ¬ê¸€ë¼ì´ë”© ì˜·ì´ ë¬´ì§€ ì´ì©ë‹ˆë‹¤....ã…Žã…Žã…Ž
ìš´ë™í™”ë¥¼ ì•ˆì‹ ê³  ê°”ëŠ”ë° ì–‘ë§ì´ëž‘ ì‹ ë°œê¹Œì§€ ë¹Œë ¤ì£¼ì…”ì„œ ë¬´ì‚¬ížˆ íƒˆìˆ˜ ìžˆì—ˆìŠµë‹ˆë‹¤.
ê·¸ë¦¬ê³  ìŒ¤ë“¤ë„ ë¬´ì§€í•˜ê²Œ ì¹œì ˆí•˜ì‹­ë‹ˆë‹¤.
ë”¸ì´ëž‘ ë‘˜ì´ ê°”ëŠ”ë° ì„œë¡œ  ì†ì¸ì‚¬ë„ í•˜ê²Œ í•´ì£¼ê³ , ë†’ì´ ì˜¬ë¼ê°€ëŠ” ë¹„í–‰ë„ ì„ ë³´ì—¬ì£¼ì‹œê³ 
ë°”ëžŒë„ ì¢‹ê³ , ìŒ¤ë„ ì¢‹ê³ , ë¶„ìœ„ê¸°ë„ ì¢‹ê³ , ë·°ë„ ì¢‹ê³ , ë¹„í–‰ë„ ì¢‹ê³ ~~
ì™„ì „ ë‚˜ì´ìŠ¤í•œ ê²½í—˜ì´ì˜€ìŠµë‹ˆë‹¤.
íŒ¨ëŸ¬ê¸€ë¼ì´ë”© ì—¬ëŸ¬ë²ˆ í–ˆì§€ë§Œ ë„ˆë¬´ë„ˆë¬´ ì¢‹ì•˜ìŠµë‹ˆë‹¤.
ëŒì•„ì˜¤ëŠ” ê²¨ìš¸ì— ì„¤ê²½ë³´ë©° ë¹„í–‰í•˜ëŸ¬ ë˜ ê°ˆì˜ˆì •ìž…ë‹ˆë‹¤...ã…Žã…Žã…Ž
ì´ˆë³´ìž…ë¬¸ìžêµ¬ìš”! ì²«ë²ˆì§¸ ë¹„í–‰ì´ì—ˆìŠµë‹ˆë‹¤. ë‹¤ì´ë‚˜ë¯¹ , ì‚¬ì§„+ë™ì˜ìƒ, ìžê°€ì¡°ì¢… ì¶”ê°€í–ˆìŠµë‹ˆë‹¤.(ì‹œê°„ì—°ìž¥ì€ ì¶”ê°€í–ˆìœ¼ë‚˜ ìƒìŠ¹ê¸°ë¥˜ê°€ ì ì–´ ì—°ìž¥ë˜ì§€ì•Šì•„ í™˜ë¶ˆí•´ì£¼ì…¨ìŠµë‹ˆë‹¤.)

ìš°ì„  ì•ˆì „êµìœ¡ ì˜ìƒë„ ê¹”ë”í•˜ê³  ì¸ì‹í•˜ê¸° ì‰½ê²Œ ìž˜ ë§Œë“¤ì–´ì ¸ìžˆì–´ì„œ ê¸´ìž¥ í‘¸ëŠ”ë° ë„ì›€ì´
ëì–´ìš”! ì°©ìž¥ë„ ë„ì™€ì£¼ì…”ì„œ ë¶ˆíŽ¸í•¨ì´ ì—†ì—ˆìŠµë‹ˆë‹¤. ì´ë¥™ìž¥ ì´ë™ê°„ì—ë„ ê°•ì‚¬ë‹˜ê»˜ì„œ ì¹œì ˆí•˜ê³  ìƒì„¸í•˜ê²Œ ì„¤ëª…í•´ì£¼ì…¨ìŠµë‹ˆë‹¤. 

ì´ë¥™ìž¥ì—ì„œ ê°•ì‚¬ë‹˜ì´ ì‚¬ì§„ë„ ì°ì–´ì£¼ì‹œê³  ìž¥ë¹„ì°©ìš©í• ë•Œë„ ê³„ì† ì„¤ëª… ìž˜ í•´ì£¼ì‹œêµ¬ìš”. ë¹„í–‰ ì¤‘ì—ë„ ë¶ˆíŽ¸í•¨ ì—†ì´ ìž˜ ì¦ê¸¸ìˆ˜ ìžˆì—ˆìŠµë‹ˆë‹¤. ì˜µì…˜ì¶”ê°€í•œê±°ë„ ìµœëŒ€í•œ ì±™ê²¨ì£¼ë ¤ê³  í•˜ì‹œê³  ê¸°ìƒ ìƒí™©ìƒ ì•ˆë˜ëŠ” ì˜µì…˜ë“¤ì€ í™˜ë¶ˆí•´ì£¼ë‹ˆ ê±±ì •ë§ˆì„¸ìš”! 

ì €ëŠ” ì´¬ì˜í•˜ë ¤ê³  ì§ë²Œ ì±™ê²¨ê°”ëŠ”ë° ê·¸ëƒ¥ í•¸ë“œí° ë“¤ê³  ì°ê¸°ë§Œí–ˆì–´ìš” ã…‹ã…œã…œ í°ë§Œ ì±™ê²¨ê°€ì„¸ìš”.

í–‰ë³µí•œ ê²½í—˜ì´ì—ˆìŠµë‹ˆë‹¤ðŸ¥° ê°ì‚¬í•©ë‹ˆë‹¤!
í”„ë¡ íŠ¸ì—ì„œë¶€í„° ì¹œì ˆí•˜ê²Œ ì•ˆë‚´í•´ ì£¼ì‹œê³  ìž¥ë¹„ë³µì°©ìš©ë•Œë„ ìžì„¸ížˆ ì„¤ëª…í•´ì£¼ì…”ìš”
ë²„ìŠ¤íƒ€ê³  ì´ë™ì‹œì—ë„ ê°•ì‚¬ë‹˜ì´ íƒˆë•Œ ì£¼ì˜ì‚¬í•­ ì„¤ëª…ë„ ê¼¼ê¼¼ížˆ í•´ì£¼ì‹œêµ¬ìš”
íŒ¨ëŸ¬ê¸€ë¼ì´ë”© í• ë•Œë„ ê°•ì‚¬ë‹˜ë“¤ì´ ë„ˆë¬´ë„ˆë¬´ ì¹œì ˆí•˜ì…”ìš” ^~^
ì •ë§ ìžŠì§€ëª»í•  ì¢‹ì€ ì¶”ì–µ ë‚¨ê¸°ê³  ê°‘ë‹ˆë‹¤~â™¡â™¡
ë‹¤ìŒì—” ë”¸ë“¤ê³¼ ìž¬ë°©ë¬¸ ê¼­ í• êº¼ì—ìš” ã…Žã…Ž
ì •ë§ ë©‹ì§„ê²½í—˜ ì´ì—ˆì–´ìš”.  ê°•ì‚¬ë‹˜ ì§ì›ë¶„ë“¤ ë„ˆë¬´ ì¹œì ˆ í•˜ì‹œê³   ê¹¨ë—í•˜ê³  ëª¨ë“ ê²Œ í¼íŽ™íŠ¸ í–ˆì–´ìš”.11ì›”ì—. ìž¬ë°©ë¬¸ í•©ë‹ˆë‹¤~
ìž‘ë…„ì—ì²«ì§¸,ë‘˜ì§¸ì²´í—˜í•´ë³´ê³ ë„˜ì¢‹ì•„ì„œì§€ë‚œë²ˆì—ëª»ê°„ë§‰ë‚´ë°ë¦¬ê³ ì™”ì–´ìš”~
ì›Œë‚™ìµìŠ¤í‹°ë¦¼ì¢‹ì•„í•˜ëŠ”ë…€ì„ì¸ì§€ë¼ì‹ ë‚˜í• ì¤„ì•Œì•˜ì§€ë§Œ
ì •ë§ê°’ì§„ê²½í—˜ì´ì—ˆë‹¤ê³ í•˜ë„¤ìš”â™¡
ê·¼ë°ìž‘ë…„ì—ì°ì–´ì£¼ì‹ ì‚¬ì§„ì´ë”ì–´ë©”ì´ì§•í•œê²Œì¢‹ì•˜ì–´ìš”ðŸ˜¥
í•¨ê»˜í•´ì£¼ì‹ ë¼ì´ë”ë‹˜ê°ì‚¬ë“œë¦½ë‹ˆë‹¤~â™¡â™¡â™¡
ì €ëŠ” 35ë…„ ë§Œì—, ë‚¨íŽ¸ì€ 41ë…„ë§Œì— ë²„í‚·ë¦¬ìŠ¤íŠ¸ë¥¼ ì´ë¤˜ë„¤ìš”.. ì¢‹ì€ ê³³ì—ì„œ ì¢‹ì€ ê°•ì‚¬ë‹˜ë“¤ê³¼ ìžŠì§€ ëª» í•  ì¶”ì–µê³¼ ê¸°ì–µ ë§Œë“¤ê³  ì¼ìƒìœ¼ë¡œ ëŒì•„ì™”ìŠµë‹ˆë‹¤. ê°ì‚¬í•©ë‹ˆë‹¤~
ë²„í‚·ë¦¬ìŠ¤íŠ¸ì¤‘ì˜ í•˜ë‚˜ ì™„ì„± ê°€ì¡±4ëª…ì´ íŒ¨ëŸ¬ê¸€ë¼ì´ë”© í‰ì°½ê°•ì„ ë¼ê³   ì „ë§ êµ¿ ê°•ì¶”
ì •ë§ ì†Œì¤‘í•˜ê³  ë©‹ì§„ ê¸°ì–µ ë‹´ì•„ê°‘ë‹ˆë‹¤! ë–¨ì–´ì§€ëŠ” ëŠë‚Œì´ ë„ˆë¬´ ë¬´ì„œìš¸ê±° ê°™ì•˜ëŠ”ë° í•˜ëŠ˜ì„ ë‚˜ëŠ” ëŠë‚Œì´ë“¤ì–´ìš”. ì •ë§í–‰ë³µí•œ ê²½í—˜ì´ì—ˆìŠµë‹ˆë‹¤!",ì¶”ê°€ ê°•ì‚¬ ì˜µì…˜ í™˜ë¶ˆ ì—°ìž¥ ì‹œê°„ í˜¼ìž í•˜ëŠ˜ ë²ˆ íŒ¨ëŸ¬ê¸€ë¼ì´ë”© ë¹„í–‰ í‰ì°½ íŒ¨ëŸ¬ê¸€ë¼ì´ë”© ì •ë§ ê¸°ì–µ ë²„í‚·ë¦¬ìŠ¤íŠ¸ ë¼ ëª… ê°•ì¶” ê°€ì¡± ê²½í—˜ ì •ë§ ê°•ì‚¬ ì„¤ëª… ë•Œ ì‚¬ì§„ ë”¸ ìž¬ ë°©ë¬¸ ìž‘ë…„,X,O,O,O,ê°•ì›íŠ¹ë³„ìžì¹˜ë„ í‰ì°½êµ° í‰ì°½ì ë…¸ëžŒë“¤ê¸¸ 209-5,A03,A0304,A03040300
14,ì§± íŒ¨ëŸ¬ê¸€ë¼ì´ë”©,"ì‚¬ìž¥ë‹˜ê³¼ ê·¼ë¬´í•˜ì‹œëŠ” íŒŒì¼ëŸ¿ ë¶„ë“¤ì´ ì¹œì ˆí•˜ì…¨ìŠµë‹ˆë‹¤. ì•ˆë‚´í•´ ì£¼ì‹œëŠ” ë¶„ë„ ì¶©ë¶„ížˆ ì„¤ëª…í•´ ì£¼ì‹œê³  ê¸°ë‹¤ë ¤ì£¼ì…¨êµ¬ìš”. ìƒìŠ¹ê¸°ë¥˜ê°€ ê±°ì˜ ì—†ëŠ” ë‚ ì´ì—ˆì§€ë§Œ ì¶©ë¶„ížˆ ë§Œë½í•œ íŒ¨ëŸ¬ ì²´í—˜ì´ì—ˆìŠµë‹ˆë‹¤. í•˜ëŠ˜ì—ì„œ ë°”ë¼ë³´ëŠ” ìžì—°ì€ ì–´ë””ì„œë„ ëŠê»´ë³´ì§€ ëª»í•œ ê¸°ë¶„ì„ ëŠë‚„ ìˆ˜ ìžˆì—ˆì–´ìš”.
ë°”ëžŒì´ ì¢‹ì€ ë‚ ì— ë‹¤ì‹œ ì™€ì„œ ì²´í—˜ì‹œê°„ì´ ê¸´ ì½”ìŠ¤ë¥¼ ì„ íƒí•´ì„œ ëŠê»´ë³´ê³  ì‹¶ìŠµë‹ˆë‹¤. 
ì—…ì²´ë“¤ì´ ë§Žì•„ì„œ í›„ê¸°ì™€ ì „í™”ë¥¼ í†µí•´ ì„ íƒí–ˆìŠµë‹ˆë‹¤. í†µí™”ì‘ëŒ€ë„ ì¹œì ˆí•˜ì…¨ê³  ë¹„í–‰ì‹œì—ë„ ì•ˆì „í•˜ê³  ìž¬ë°Œê²Œ ìž˜ íƒœì›Œì£¼ì…¨ìŠµë‹ˆë‹¤. ë§ˆì§€ë§‰ì— ì‚¬ì§„ ì°ì–´ì£¼ì‹œëŠ” ìŠ¤í…ë¶„ ì™„ì „ ì—´ì •ì ìœ¼ë¡œ ì¸ìƒìƒ·ì„ ë§Žì´ ì°ì–´ ì£¼ì…”ì„œ ê°ì‚¬í•©ë‹ˆë‹¤
ê°•í•œë°”ëžŒìœ¼ë¡œ  ì—°ê¸° ë‹´ë‚   ì˜¤ì „ì—  ë‹¤ì‹œ ì°¾ì•„ì™€  
íƒ”ëŠ”ë°.... ì•„ë“¤  ë„ˆë¬´  ì¢‹ì•„í•©ë‚˜ë‹¤. 
ë‚ ì”¨ ì¢‹êµ¬ìš”, ì‚¬ìž¥ë‹˜ ì§ì›  ì¹œì ˆ í•˜ê³ ìš” 
ë˜ ì˜¤ê¸°ë¡œ  ì•½ì†  í–ˆì–´ìš”!!!
ì‚¬ì§„ë„ ë§Žì´ ì°ì–´ì£¼ì‹œê³  ìž¬ë°Œì—ˆìŠµë‹ˆë‹¤
ì¢‹ì•„ìš” íŒ¨ëŸ¬ê¸€ë¼ì´ë”© ì§±
ë„ˆë¬´ ìž¬ë¯¸ìžˆê²Œ ë‹¤ë…€ì™”ìŠµë‹ˆë‹¤~!!
ì•„ì´ë“¤ë§Œ íŒ¨ëŸ¬ê¸€ë¼ì´ë”©ì„ íƒ”ëŠ”ë° ë„ˆë¬´ ì¹œì ˆí•˜ê²Œ ìž˜ í•´ì£¼ì‹œê³  ,
íŠ¹ížˆ ì‚¬ì§„ ë„ˆë¬´ ì´ì˜ê²Œ ì°ì–´ì£¼ì…”ì„œ ë¬´ëšëší•œ ì‚¬ì¶˜ê¸° ì•„ì´ë“¤ì´ ì–¼ë§ˆë‚˜ ì´ì˜ê²Œ ì‚¬ì§„ì´ ë‚˜ì™”ëŠ”ì§€ ëª°ë¼ìš”.
ì‚¬ì§„ì°ì–´ì£¼ì‹œëŠ” ì—¬ìžìŠ¤íƒ­ë¶„ ì˜¨ëª¸ì„ ë‚ ë ¤ ì‚¬ì§„ì°ì–´ì£¼ì…”ì„œ ì¸ìƒì»· ë§Žì´ ê±´ì¡Œë„¤ìš”~
ë„ˆë¬´ë„ˆë¬´ ê°ì‚¬í•©ë‹ˆë‹¤!
ê·¸ë¦¬ê³  íŒ¨ëŸ¬ê¸€ë¼ì´ë”©ë„ ì•„ì´ë“¤ì´ ë„ˆë¬´ ìž¬ë¯¸ìžˆê²Œ íƒ“ì–´ìš”.
ì•„ì´ë“¤ ì¢‹ì€ì¶”ì–µ ê°€ì§ˆìˆ˜ ìžˆê²Œ ë˜ì„œ ë„ˆë¬´ë„ˆë¬´ ê°ì‚¬í•©ë‹ˆë‹¤!!
ë‹¤ìŒì— ë‹¤ì‹œ ì´ìš©í•  ì˜ˆì •ì´ì—¬ìš”~
ì¹´ë“œê³„ì‚°í•˜ë ¤ë‹ˆ ë¶€ê°€ê°€ì¹˜ì„¸ 10í”„ë¡œë¥¼ ë¶™ì´ë„¤ìš”~ ì‚¬ì „ì— ê³µì§€ ì•ˆí•˜ê³ ~
ì¼ìƒì— ì†Œì›ì´ì—ˆëŠ”ë° ì› í’€ì—ˆë„¤ìš” ì§ì›, ì¡°ì¢…ì‚¬ë‹˜ë“¤  ì¹œì ˆí•˜ì‹œê³  ì‚¬ì§„ë„ ìž˜ì°ì–´ì£¼ì‹œë‹ˆ ë„˜ ì¢‹ë„¤ìš”^^  ëŒ€ë§Œì¡±ìž…ë‹ˆë‹¤
ìƒë§¥ ë§›ìžˆë„¤ìš”
ë‹¤ë“¤ ì¹œì ˆí•˜ì‹œê³  ìž˜ì¦ê²¼ì–´ìš”",ì‚¬ì§„ ì•„ì´ íŒ¨ëŸ¬ê¸€ë¼ì´ë”© ì™„ì „ ë§ˆì§€ë§‰ ì—´ì • ë‹´ë‚  ì˜¤ì „ ì¸ìƒìƒ· ì—°ê¸° ì§ì› ì‚¬ìž¥ ë‹¤ì‹œ ì˜¤ê¸° ë˜ ì¹œì ˆ ì•½ì† ë‚ ì”¨ ì¼ìƒ ì› ì²´í—˜ ì£¼ì‹œ ì„ íƒ ë°”ëžŒ ë‹¤ì‹œ ë³´ê³  ì‹œê°„ ë‚  ì½”ìŠ¤ ë¶„ë„,X,X,O,O,ì¶©ì²­ë¶ë„ ë‹¨ì–‘êµ° ê°€ê³¡ë©´ ë‘ì‚°ê¸¸ 262,A03,A0304,A03040300
15,ì²­ì¶˜ íŒ¨ëŸ¬,"ìµìŠ¤íŠ¸ë¦¼ ì½”ìŠ¤ë¡œ ì¸ë‹¹ 13ë§Œì›ì— ì²´í—˜í–ˆì–´ìš”.

ë¹„í–‰ ì¤‘ ì˜ìƒì„ ì°ì–´ì£¼ì…”ì„œ ìž¬ë°Œê²Œ íƒ€ê³ 
ì˜ìƒê¹Œì§€ ë°›ì„ ìˆ˜ ìžˆì–´ì„œ í–‰ë³µí•œ ì¶”ì–µ ë§Œë“¤ì—ˆìŠµë‹ˆë‹¤.

ê°€ê²©ì´ ë¹„ì‹¸ê¸´ í•˜ì§€ë§Œ ì™„ì „ ëŒ€ë§Œì¡±í•´ì„œ
ë‹¨ì–‘ìœ¼ë¡œ ë˜ íŒ¨ëŸ¬ê¸€ë¼ì´ë”©ì„ íƒ€ê²Œ ëœë‹¤ë©´
ì²­ì¶˜íŒ¨ëŸ¬ì— ìž¬ë°©ë¬¸ í•  ìƒê°ì´ì—ìš” â™¡

ë‹¨ì–‘ íŒ¨ëŸ¬ê¸€ë¼ì´ë”©ìœ¼ë¡œ ì²­ì¶˜íŒ¨ëŸ¬ ì¶”ì²œë“œë¦½ë‹ˆë‹¤ ~
êµ­ë‚´ ì‹ í˜¼ì—¬í–‰ ì¤‘ì— ë‹¨ì–‘ ì²­ì¶˜íŒ¨ëŸ¬ì—ì„œ íŒ¨ëŸ¬ê¸€ë¼ì´ë”© ìž¬ë¯¸ìžˆê³  ì•ˆì „í•˜ê²Œ ì¦ê²¼ìŠµë‹ˆë‹¤!! 

ë‚ ì”¨ê°€ ì¢‹ì•„ì„œ ë·°ê°€ ì˜ˆë»¤ì–´ìš”~~! 
ì™¸êµ­ì¸ë“¤ë„ ë§Žì´ íƒ€ë˜ë° ì™¸êµ­ì—ëŠ” ìš°ë¦¬ë‚˜ë¼ ê¸ˆì•¡ì˜ 3ë°°ë¼ê³  í•˜ë”ë¼êµ¬ìš”! 

ë‹¤ìŒì— ë˜ ë°©ë¬¸í• ê²Œìš”!!
ë„ˆë¬´ ì¦ê²ê²Œ ì²´í—˜í•˜ê³  ì™”ìŠµë‹ˆë‹¤

ë‹¨ì–‘ì—ì„œ ê³ ë„ê°€ ì œì¼ ë†’ìš´ ì´ë¥™ìž¥ì„ ê°€ì§„ ì²­ì¶˜íŒ¨ëŸ¬!! 
ë¹„í–‰ì‚¬ ì•„ì €ì”¨ë“¤ë„ ì¹œê·¼í•˜ê²Œ ìž˜ ëŒ€í•´ ì£¼ì…¨ì–´ìš”

íŠ¹ë³„í•œ ê²½í—˜ì„ í•˜ê³  ì‹¶ë‹¤ë©´ ì¶”ì²œë“œë¦½ë‹ˆë‹¤ ã…Žã…Ž
ì‚¬ì§„ì— ì§„ì‹¬ì¸ ì²­ì¶˜íŒ¨ëŸ¬!!!
ã…‹ã…‹ã…‹ëª¨ìžë„ ì´ìœê±°ë§Žê³  ì„ ê·¸ë¼ìŠ¤ì— 
ë¬´ë¦Žì—ë‹¬ë ¤ìžˆëŠ” ìŠ¤íŒŒì´ë”ë§¨ ê·€ì•¼ì›Œì£½ëŠ”ì¦ ã…‹ã…‹ã…‹ã…‹
ì‚¬ìž¥ë‹˜ë„ íƒœì›Œì£¼ì‹œëŠ”ë¶„ë“¤ë„ ë„ˆë¬´ ì°©í•˜ì‹œê³  ì°¨ë¶„í•˜ê²Œ ì„¤ëª…ìž˜í•´ì£¼ì…”ì„œ 
íƒ€ê¸° ë¬´ì„œì› ì—ˆëŠ”ë° ì•ˆì‹¬í•˜ê³  ìž˜íƒ”ì–´ìš”
ì €í¬ì•„ì´ë„ ì²« íŒ¨ëŸ¬ëŠ” ì—¬ê¸°ì„œ í•˜ê³ ì‹¶ë„¤ìš”

ë‹¨ì–‘ì— ë°©ë¬¸í•œê±´ ì²˜ìŒì´ì—ˆëŠ”ë° ì²­ì¶˜íŒ¨ëŸ¬ ì™„ì „ ì¶”ì²œ ë“œë ¤ìš”!! ì—¬ìžì¹œêµ¬ë„ íŒ¨ëŸ¬ê¸€ë¼ì´ë”© ì²˜ìŒì´ì—ˆëŠ”ë° ìž¬ë°Œì–´ í–ˆê³  ë¬´ì—‡ë³´ë‹¤ ê´€ë¦¬ë„ ìž˜ ë¼ìžˆê³  ê°•ì‚¬ë‹˜ë“¤ë„ ì—„ì²­ ì¹œì ˆí•˜ì…¨ì–´ìš”. ì¢‹ì€ ì¶”ì–µ ìŒ“ì„ ìˆ˜ ìžˆì–´ì„œ ê°ì‚¬í–ˆìŠµë‹ˆë‹¤. ì¸ìƒìƒ·ì„ ê±´ì§ˆ ìˆ˜ ìžˆëŠ” ì²­ì¶˜íŒ¨ëŸ¬ ì™„ì „ ê°•ì¶”ë“œë ¤ìš”!!!
íŒ¨ëŸ¬ê¸€ë¼ì´ë”© í•˜ê³  ì‹¶ì–´ì„œ ë§Žì´ ì°¾ì•„ë³´ë‹¤ê°€ í›„ê¸°ë„ ë§Žê³  í•´ì„œ ë°©ë¬¸í–ˆìŠµë‹ˆë‹¤
ì²˜ìŒì— ì—„ì²­ë–¨ë ¸ëŠ”ë° ë§‰ìƒ íƒ€ë³´ë‹ˆê¹Œ ë„ˆë¬´ ìž¬ë°Œë”ë¼ê³ ì—¬ ë’¤ì— ê°•ì‚¬ë‹˜ë„ ì—„ì²­ ìž¬ë¯¸ìžˆê²Œ íƒœì›Œì£¼ì‹œê³  ë„ˆë¬´ ìž¬ë¯¸ìžˆì—ˆìŠµë‹ˆë‹¤ ë‹¤ìŒì— ë˜ ë°©ë¬¸ í• ê²ƒ ê°™ì•„ìš”
ì¡°ì¢…ì‚¬ ë‹˜ì´ ì•ˆì „í•˜ê²Œ ìš´í–‰ì„ ìž˜ í•´ ì£¼ì‹œê³  ê¸´ìž¥ë„ ìž˜ í’€ì–´ ì£¼ì…”ì„œ ì •ë§ ë‹¨ì–‘ì—ì„œ ì¢‹ì€ ì¶”ì–µ í•˜ë‚˜ ë§Œë“¤ì—ˆìŠµë‹ˆë‹¤
ì €ëŠ” ê³ ì†Œê³µí¬ì¦ì´ ìžˆëŠ” íŽ¸ì¸ë° ì €ì˜ í•¨ê»˜ë¥¼ ë›°ì–´ë„˜ ê³ ìž ë„ì „ í•˜ì˜€ì–´ìš” ì¡°ê¸ˆ ë¬´ì„­ê¸´ í–ˆì§€ë§Œ ê·¸ëž˜ë„ í•œê³„ë¥¼ ë›°ì–´ ë‚´ë©´ ì œ ìžì‹ ì—ê²Œ ìžëž‘ìŠ¤ëŸ½ë‹¤ê³  ì¹­ì°¬í•˜ê³  ì‹¶ìŠµë‹ˆë‹¤
ìš´í–‰ í•˜ëŠ” ë‚´ë‚´ ê±±ì •í•˜ì§€ ë§ë¼ê³  ê¸´ìž¥ì„ í’€ì–´ì£¼ê³  ì œê°€ ì¡°ê¸ˆ ì†ì´ ì•ˆ ì¢‹ì•„ì„œ ë©€ë¯¸ê°€ ë‚¬ì„ ë•ŒëŠ” ë‹¤ê°™ì´ ê±±ì •í•´ ì£¼ì…”ì„œ ì •ë§ ê°€ì¡±ê°™ì€ ë§ˆìŒì´ ë“¤ì—ˆì–´ìš”
ë‹¨ì–‘ì—ì„œ íŒ¨ëŸ¬ê¸€ë¼ì´ë”©ì„ ë˜ í•œë‹¤ë©´ ì²­ì¶˜ íŒ¨ëŸ¬ ì—…ì²´ì—ì„œ ê¼­ ë˜ íƒ€ê³  ì‹¶ìŠµë‹ˆë‹¤
ì •ë§ ëª¨ë‘ ê°ì‚¬ë“œë ¤ìš” â¤ï¸â¤ï¸
ì¹œì ˆí•˜ì…¨ì–´ìš”. ì•„ì´ë“¤ë„ ë§Œì¡±!
ì²˜ìŒ íƒ€ë³´ëŠ”ë° ë„ˆë¬´ ìž¬ë¯¸ìžˆì—ˆìŠµë‹ˆë‹¤~
ì‚¬ì§„ë„ ë„ˆë¬´ë‚˜ ì •ì„±ê» ì°ì–´ì£¼ì‹­ë‹ˆë‹¹!! ì¢‹ì€ ì¶”ì–µì„ ë‚¨ê¸¸ìˆ˜ìžˆì—ˆìŠµë‹ˆë‹¹! ëŒ€ë°• ì¶”ì²œ!! ê¼­ ê°€ë³´ì‹œê¸¸
ìƒì•  ì²« íŒ¨ëŸ¬ê¸€ë¼ì´ë”©ì„ ì²­ì¶˜íŒ¨ëŸ¬ì™€ í•¨ê»˜í•´ì„œ ë„ˆë¬´ ê¸°ë»ìš” >~<!!!!! ë‹¨ì–‘ì— ì •ë§ ë§Žì€ íŒ¨ëŸ¬ê¸€ë¼ì´ë”© ì—…ì²´ê°€ ìžˆëŠ”ë° ê·¸ ì¤‘ ìµœê³ ë¼ê³  ìƒê°í•©ë‹ˆë‹¤.ðŸ˜ðŸ˜ ì œì¼ ë†’ì€ ê³³ì— ìžˆëŠ” ê²ƒë„ ì¢‹ê³  ê·€ì—¬ìš´ ëª¨ìžë„ ì²­ì¶˜ íŒ¨ëŸ¬ì— ì œì¼ ë§Žê³  ë§ˆìŒì— ë“œëŠ” ì‚¬ì§„ ì¸í™” ì„œë¹„ìŠ¤ê¹Œì§€ ðŸ‘ í‰ìƒ ìžŠì„ ìˆ˜ ì—†ëŠ” ì¶”ì–µì„ ë§Œë“¤ì–´ì£¼ì…”ì„œ ë„ˆë¬´ ê°ì‚¬í•©ë‹ˆë‹¤. ðŸ™‡â€â™‚ï¸ ",ë˜ ì •ë§ ë°©ë¬¸ íŒ¨ëŸ¬ê¸€ë¼ì´ë”© ë‹¨ì–‘ ì œ ìš´í–‰ ê±±ì • ì € ì¡°ê¸ˆ íŒ¨ëŸ¬ ë‹¨ì–‘ ì²­ì¶˜ íŒ¨ëŸ¬ê¸€ë¼ì´ë”© ìˆ˜ ì¶”ì–µ ì¶”ì²œ ì¤‘ ì™„ì „ ì œì¼ ì²˜ìŒ ì‚¬ì§„ ê´€ë¦¬ ë¬´ì—‡ ì—¬ìžì¹œêµ¬ ì •ì„±ê» íƒ€ ë‚ ì”¨ ë·° ë§Œì¡±,X,X,X,O,ì¶©ì²­ë¶ë„ ë‹¨ì–‘êµ° ê°€ê³¡ë©´ ë‘ì‚°ê¸¸ 262,A03,A0304,A03040300
16,ì¼€ì´ì›í•­ê³µê²½ë¹„í–‰ê¸°ì¡°ì¢…ì²´í—˜ë¹„í–‰,"ì €ëŠ” íšŒì „ëª©ë§ˆë„ ë¬´ì„œì›Œí•˜ëŠ” ì«„ë³´ì¸ë° ë†€ì´ê¸°êµ¬ëŠë‚Œì´ ì•„ë‹Œ í•˜ëŠ˜ìœ„ì—ì„œ ì•ˆì •ì ìœ¼ë¡œ í’ê²½êµ¬ê²½í•˜ê³  ë‚´ë ¤ë‹¤ë³¼ìˆ˜ìžˆëŠ” ížë§í• ìˆ˜ìžˆëŠ” ì²´í—˜ì´ì—ˆìŠµë‹ˆë‹¤. ë„ˆë¬´ ë©‹ì§€ê³  ì¦ê±°ì› ì–´ìš” ì´ˆ3, ì´ˆ6, ì•„ì´ë“¤ë„ ë„ˆë¬´ ìž¬ë°Œì–´í–ˆì–´ìš” ë‹¤ìŒì— ë˜ì˜¤ìžê³  í•˜ë„¤ìš”~
ì²˜ìŒì´ë¼ì„œ ë¬´ì§€ ë–¨ë ¸ëŠ”ë° ì¹¨ì°©í•˜ê²Œ í•˜ë‚˜ë¶€í„° ì—´ê¹Œì§€ ìž˜ ì•ˆë‚´í•´ì£¼ì…”ì„œ ìƒì•  ì²« ë¹„í–‰ ê²½í—˜ì„ ì¦ê²ê²Œ í•  ìˆ˜ ìžˆì—ˆì–´ìš”!!  ë‹¤ìŒì—” ë¹„í–‰ê¸°ì¡°ì¢…ì‚¬ ìžê²©ì¦ ë”°ì„œ í•˜ëŠ˜ì„ ë‚ ì•„ë³¼ê¹Œ ã…‹ã…‹ã…‹ ìž ì‹œ ìƒìƒí–ˆì–´ìš” ðŸ¤£

ë¹„í–‰ê¸° ì¡°ì¢…ì´ ì·¨ë¯¸ì¸ ì•„ì´ì—ê²Œ ì‹¤ì œ ê²½í—˜ì„ í•  ìˆ˜ ìžˆê²Œ í•´ì£¼ë‹ˆ ì •ë§ ì¢‹ì•„í•´ì„œ ì—„ë§ˆì¸ ì €ë„ ì—„ì²­ ê¸°ë»¤ì–´ìš”!!!ðŸ˜ ë‹´ì— ë˜ì˜¤ìžê³  í•˜ë„¤ìš©

ê¸´ìž¥í•´ì„œ ë»£ë»£í–ˆë˜ í•˜ëŠ˜ ìœ„ì—ì„œ ì‚¬ì§„ë„ ì°ì–´ì£¼ì‹œê³  ë¹ ë¥¸ ì „ì†¡ê¹Œì§€ ì™„ì „ ê°ì‚¬í–ˆì–´ìš”!! ê°ì‚¬í•©ë‹ˆë‹¤ ì‚¬ìž¥ë‹˜

ì•„ê² ì„ íƒ€ê³  ì‹¶ì–´ì„œ ë‚¨ì› ì—¬í–‰ ê°”ëŠ”ë° ë„ˆë¬´ ì¢‹ì•˜ì–´ìš” 
ì§„ì§œ ì™„ì „ ì¶”ì²œ í•©ë‹ˆë‹¤ ê¼­ ê¼­ í•´ë³´ì„¸ìš” ìµœê³  ìµœê³  
ì‚¬ìž¥ë‹˜ë„ ì¹œì ˆí•˜ì‹œê³  ë¬´ì—‡ë³´ë‹¤ í”í•˜ê²Œ í• ìˆ˜ì—†ëŠ” ê²½í—˜ì¸ë°ë‹¤ê°€ ë„ˆë¬´ ìž¬ë°Œì–´ìš©!!!
ì¢‹ì€ ê²½í—˜í•˜ê³  ì™”ì–´ìš”~^^
êµ³
ë„ˆë¬´ ì¦ê²ê²Œ ì´ìš©í•˜ê³ ì™”ì–´ìš”.ìœ ì¾Œí•˜ì‹  ì„ ìƒë‹˜ ì§±ì¢‹ì•„ìš”.ë˜ ë†€ëŸ¬ê°ˆê²Œìš”!
ë„ˆë¬´ ìž¬ë¯¸ìžˆì—ˆì–´ìš”><",ì´ìš© ì„ ìƒë‹˜ ë˜ ê²½í—˜ ì™„ì „ í•˜ëŠ˜ ì € ë‹¤ìŒ ì•„ì´ ìˆ˜ ê²½í—˜ ìµœê³  ê¼­ ì‚¬ìž¥ ì™„ì „ ì € ìˆ˜ ë‹¤ìŒ ì•„ì´ ì‹¤ì œ í•˜ëŠ˜ ë˜ ì´ˆ ì˜¤ìž ìœ„ ì²˜ìŒ ë¹„í–‰ ì—´ ë¬´ì§€ ì²«,X,X,O,X,ì „ë¶íŠ¹ë³„ìžì¹˜ë„ ë‚¨ì›ì‹œ ì‹ì •ë™,A03,A0304,A03040200
17,íŒ¨ëŸ¬ì´ì•¼ê¸°,"ì˜· ì¢…ë¥˜ ë‹¤ì–‘í•˜ê³  ì¹œì ˆí•˜ì„¸ìš” ã…Žã…Ž
í•‘í¬ ëˆˆì— ë“¤ì–´ì™€ì„œ ìž…ìœ¼ë‹ˆê¹Œ ì‚¬ì§„ë„ í›¨ ìž˜ ë‚˜ì™”ì–´ìš”~
íƒˆ ë•Œ ì í¼ ìž…ê³  íƒ€ë‹ˆê¹Œ ì¶¥ì§€ë„ ì•Šê³  ì¢‹ì•˜ì–´ìš” ! 

ë¬´ì„œì›Œì„œ ëˆˆë¬¼ë‚  ë»” í–ˆëŠ”ë°
ë§‰ìƒ íƒ€ë‹ˆê¹Œ ë³„ ê±° ì—†ë„¤ìš”~ ã…Žã…Ží
ë‹¤ìŒë²ˆì—ë„ íŒ¨ëŸ¬ì´ì•¼ê¸°ë¡œ ì˜¬ëž˜ìš” !!
ì£¼ë³€ ì‚¬ëžŒë“¤ì´ íŒ¨ëŸ¬ê¸€ë¼ì´ë”© íƒ€ëŸ¬ê°„ë‹¤í•˜ë©´ ë¬´ì¡°ê±´ íŒ¨ëŸ¬ì´ì•¼ê¸° ì¶”ì²œí• êº¼ì˜ˆìš”!!ðŸ‘ðŸ‘ðŸ‘ðŸ‘
ì˜ˆì•½í• ë•Œë¶€í„° ì¹œì ˆí•˜ê²Œ ë‹¤ ì•Œë ¤ì£¼ì‹œê³  ì•ˆì „êµìœ¡ ë™ì˜ìƒë¶€í„° ì´ê²ƒì €ê²ƒ ë‹¤ ë„ˆë¬´ ìž˜ì±™ê²¨ ì£¼ì…¨ì–´ìš”!! 
íŒ¨ëŸ¬ê¸€ë¼ì´ë”©ë„ ì§„ì§œ! ë„ˆë¬´ ìž¬ë°Œê²Œíƒ”ì–´ìš”!! 
ë‹¤ìŒì— ë¶€ëª¨ë‹˜ ëª¨ì‹œê³  ìž¬ë°©ë¬¸ ì˜ì‚¬ 1000000%!!!ìž…ë‹ˆë‹¤!!!
ë‚˜ì¤‘ì— ë‹¤ì‹œ ë¹„í–‰ìž¥ ì˜¬ë¼ì™€ì„œ ì‚¬ì§„ì°ì„ë•Œ ë„ˆë¬´ ì˜ˆì˜ê²Œ ìž˜ì°ì–´ì£¼ì…”ì„œ ì •ë§ ê°ì‚¬í–ˆì–´ìš”!! ðŸ«¶ðŸ»
â­ï¸ì‚¬ì§„ë§›ì§‘ íŒ¨ëŸ¬ê¸€ë¼ì´ë”©ë§›ì§‘â­ï¸
ì²« íŒ¨ëŸ¬ê¸€ë¼ì´ë”© ì²´í—˜ì´ì—ˆëŠ”ë° ì‚¬ì§„ ì°ì–´ì£¼ì‹œëŠ”ë¶„ì´ ëª¸ì„ ì•„ë¼ì§€ ì•Šìœ¼ì‹œê³  ì¸ìƒ ì‚¬ì§„ì„ ë§Žì´ ì°ì–´ì£¼ì…”ì„œ ì¦ê²ê²Œ ì²´í—˜ ì‹œìž‘í•  ìˆ˜ ìžˆì—ˆì–´ìš”ðŸ˜„
íŒ¨ëŸ¬ê¸€ë¼ì´ë”©ë„ ì•ˆì „í•˜ê³  ì¹œì ˆí•˜ê²Œ ìž˜ ìš´í–‰í•´ì£¼ì…”ì„œ ë„ˆë¬´ ìž¬ë°Œì—ˆìŠµë‹ˆë‹¤ðŸ‘ðŸ»ë‚ ì”¨ê°€ ë§‘ì§€ ì•Šì•„ë„ ì²´í—˜ìžì²´ê°€ ë„ˆë¬´ ìž¬ë°Œì–´ì„œ ë§Œì¡±í•´ìš”!!ðŸ˜†
ë§˜ì—ë“œëŠ” ì‚¬ì§„ì´ ë§Žì•„ ì–´ë–¤ê±¸ ì¸í™”í• ê¹Œ ê³ ë¯¼ì´ì—ˆëŠ”ë° ì¿¨í•˜ê²Œ ëª‡ìž¥ ë” ì£¼ì…”ì„œ ë„ˆë¬´ ì¢‹ì•˜ì–´ìš”ðŸ’—
íŒ¨ëŸ¬ì´ì•¼ê¸° ì§ì›ë¶„ë“¤ì´ ë‹¤ ë„ˆë¬´ ì¹œì ˆí•˜ì…”ì„œ ë‚˜ì¤‘ì— ë‹¨ì–‘ì— íŒ¨ëŸ¬ê¸€ë¼ì´ë”©í•˜ëŸ¬ ë‹¤ì‹œ ì˜¨ë‹¤ë©´ ì—¬ê¸°ì„œ ë˜ í• ê±°ê°™ì•„ìš”! íŠ¹ížˆ ì‚¬ì§„ ì°ëŠ”ê±° ì¢‹ì•„í•˜ì‹œëŠ” ë¶„ë“¤ì€ ì—¬ê¸° ì™•ì¶”ì²œìž…ë‹ˆë‹¤~
íŒŒì¼ëŸ¿ë‹˜.íŒ€ìž¥ë‹˜.ë°ìŠ¤í¬ì—ì„œ ì•ˆë‚´í•´ ì£¼ì‹œëŠ” ë¶„ ëª¨ë‘ ë‹¤ ë„ˆë¬´ ì¹œì ˆí•˜ì…¨ê³ ~~
ë„ˆë¬´ ì¦ê²ê³  ì•ˆì „í•˜ê²Œ ìž˜ íƒœì›Œì£¼ì…”ì„œ ë„ˆë¬´ ì¦ê²ê³  í–‰ë³µí•œ ì‹œê°„ ë³´ëƒˆìŠµë‹ˆë‹¤~~!  
ë‹¤ìŒì— ë˜ íŒ¨ëŸ¬ê¸€ë¼ì´ë”© íƒ€ê²Œ ë˜ë©´ ê¼­ íŒ¨ëŸ¬ì´ì•¼ê¸°ë¡œ ìž¬ë°©ë¬¸í•˜ê² ìŠµë‹ˆë‹¤~~!! 
ë„ˆë¬´ë„ˆë¬´ ìž¬ë°Œì–´ìš”ðŸ«¶ ì²˜ìŒ íƒ€ë³´ëŠ” ê±°ë¼ ë§Žì´ ê¸´ìž¥í•˜ê³  ë–¨ë ¸ëŠ”ë° ë„ˆë¬´ ì¹œì ˆí•˜ê²Œ ê¸´ìž¥ë„ í’€ì–´ì£¼ì‹œê³  ìœ ì¾Œí•œ ë†ë‹´ë„ í•´ì£¼ì…”ì„œ ì •ë§ ì¢‹ì€ ì¶”ì–µ ë‚¨ê¸°ê³  ê°‘ë‹ˆë‹¤~ ì‚¬ì§„ë„ ë„ˆë¬´ ì˜ˆì˜ê²Œ ë‚¨ê²¨ì£¼ì‹œê³ !! ë„ˆë¬´ ì¶”ì²œí•´ìš”!! ë‹¤ìŒì—” ê°€ì„ì—ë„ ì˜¤ë©´ ì¢‹ì„ ê²ƒ ê°™ì•„ìš”â¤ï¸â¤ï¸
ì‚¬ìž¥ë‹˜ì´ ì‚¬ì§„ì— ì§„ì‹¬ì´ì„¸ìš” ã…Žã…Ž ì™„ì „ ì—´ì •ì ìœ¼ë¡œ ëˆ„ì–´ì„œ ì°ì–´ì£¼ì‹œê³  ìž¬ë°Œê²Œ ì°ì–´ì£¼ì…”ì„œ ì¢‹ì•˜ì–´ìš”ðŸ‘ðŸ‘
ì¸ìƒ ì²« íŒ¨ëŸ¬ê¸€ë¼ì´ë”©ì´ì˜€ëŠ”ë° íƒœì›Œì£¼ì‹œëŠ” ì „ë¬¸ê°€ë¶„ë“¤ë„ ë„˜ ì¹œì ˆí•˜ì‹œê³  ìž¬ë°Œê²Œ ì¢‹ì€ ì¶”ì–µ ë§Œë“¤ìˆ˜ ìžˆì—ˆì–´ìš”ðŸ˜†
ì—ì•½ë¶€í„° ë„˜ ì¹œì ˆí•œ ì‚¬ìž¥ë‹˜â¤ï¸ 
íŒ¨ëŸ¬ê¸€ë¼ì´ë”© ë„ˆë¬´ë„ˆë¬´ ìž¬ë°Œì—ˆì–´ìš” ã…Žã…Ž
ë³´í˜¸êµ¬ëž‘ í•˜ë„¤ìŠ¤í•˜êµ¬ ì „ë¬¸ê°€ë‹˜ì´ëž‘ ê°™ì´ íƒ€ë‹ˆê¹Œ
í•˜ë‚˜ë„ ì•ˆë¬´ì„­ê³  ì¦ê²ê²Œ íƒ”ìŠµë‹ˆë‹¹ ã…Žã…Ž
ì¸ì¦ìƒ·ë„ ì•¼ë¬´ì§€ê²Œ ì°ì–´ì£¼ì…”ì„œ ì¸í™”í•´ì£¼ì„¸ìš©
ë‹¨ì–‘ ì´ìƒ‰ ë°ì´íŠ¸ë¡œ ìµœê³ ì—ìš”ðŸ‘
íŒ¨ëŸ¬ì´ì•¼ê¸° ì„ íƒì€ íƒì›”í•œ ì„ íƒì´ì˜€ìŠµë‹ˆë‹¤.
ì‚¬ì‹¤ ëˆˆì´ ì˜¨ë‹¤ëŠ” ê¸°ìƒì²­ ë‰´ìŠ¤ì—
ê°ˆê¹Œë§ê¹Œ 3ë²ˆì˜ ê³ ë¯¼ëì„
ì¹œì ˆí•œ  ì‚¬ìž¥ë‹˜ì˜ ì‘ëŒ€ë¡œ ê°€ê¸°ë¡œ ë§ˆìŒ ë¨¹ì—ˆì§€ìš”.
ëª¨ë‘ ì²˜ìŒíƒ€ëŠ”  íŒ¨ëŸ¬ë¼ ê¸´ìž¥ ë§Œë°°ì˜€ëŠ”ë° ~

íŒ¨ëŸ¬ì´ì•¼ê¸° ë„ì°©í›„ ì˜ˆì•½ ì—í”¼ì†Œë“œë¡œ
ê¸´ìž¥ì„ í’€ê³  ì£¼ì˜ì‚¬í•­ë“±
ì‚¬ìž¥ë‹˜ì˜ ì¹œì ˆí•œ ì„¤ëª…ê³¼ ê°•ì‚¬ë‹˜ì˜ ì•ˆì „í•œ ë¹„í–‰ì—
ë”ë¶ˆì–´ ì „ë¬¸ ì‚¬ì§„ê´€ì— ë°©ë¬¸í•œ ë“¯í•œ ê°•ì‚¬ë‹˜ì˜ ë©‹ì§„ ì‚¬ì§„ì„ ë³´ëŠ”ìˆœê°„
íŒ¨ëŸ¬ë³µ ìƒ‰ê°ì´  íŒŒëž€í•˜ëŠ˜ê³¼  ì´ˆë¡ìž”ë””ì™€ 
ê°€ì„ìƒ‰ì— í¬ì¸íŠ¸ë¡œ ì½• ì°ì€ë“¯í•œ ìƒ‰ê°ì— íŒ€ ëª¨ë‘ ë§Œì¡±í–ˆìŠµë‹ˆë‹¤.

ì§šë¼ì¸ë„  ìž˜ ëª»íƒ€ëŠ”
ì €ì—ê²Œ
ì •ë§
íŽ¸ì•ˆí•˜ê³  íŠ¹ë³„í•œ ë¹„í–‰ì´ì˜€ìŠµë‹ˆë‹¤.

íŒ¨ëŸ¬ ì´ì•¼ê¸°ì—ì„œ
ê³„ì ˆë§ˆë‹¤ ë¹„í–‰ì„ ê²½í—˜í•˜ê³  ì‹¶ë„¤ìš”

ë„ˆë¬´ ìž¬ë°Œì—ˆì–´ìš”!!
ê°•ì‚¬ë‹˜ë“¤ë„ ì¹œì ˆí•˜ì‹œê³  ìƒê°ë³´ë‹¤ ë¬´ì„­ì§€ ì•Šì•˜ìŠµë‹ˆë‹¤ã…Žã…Ž
ë‹¤ìŒì—” ìµìŠ¤íŠ¸ë¦¼ ë„ì „~
ì• ë“¤ì´ ì™”ë‹¤ê°€ ë„ˆë¬´ ì‹ ë‚˜ê²Œ íƒ€ê³  ê°„ëŒ€ìš”~~ ì•ˆíƒ”ìœ¼ë©´ í›„íšŒí–ˆì„ë»” í–ˆë‹¤ë©° ì–´ì°Œë‚˜ ë§ì´ ë§Žì€ì§€ ã…‹ã…‹ã…‹ã…‹ ì‚¬ì§„ë„ ì§„ì‹¬ìœ¼ë¡œ ì°ì–´ì£¼ì‹œë”ë¼êµ¬ìš”!!! ì–¸ë„ ë°›ì•„ì„œ ë³´ê³ ì‹¶ì–´ì—¬ðŸ˜˜ ì¸ìƒì‚¬ì§„ ë¬´ì¡°ê±´ìž…ë‹ˆë‹¹~ ",ì‚¬ì§„ ì •ë§ íŒ¨ëŸ¬ê¸€ë¼ì´ë”© íƒ€ ì‚¬ìž¥ ì¶”ì–µ ì„ íƒ ì „ë¬¸ê°€ ì¸ìƒ ê²ƒ íŒ¨ëŸ¬ ì´ì•¼ê¸° ì‚¬ì§„ ë¹„í–‰ ë°©ë¬¸ ê¸´ìž¥ ê°•ì‚¬ ëª¨ë‘ ê³ ë¯¼ ë‚˜ì¤‘ íŒ¨ëŸ¬ê¸€ë¼ì´ë”© ì‚¬ì§„ ë¶„ ì²´í—˜ ì¶”ì²œ ë‹¤ìŒ ë§›ì§‘ ì´ì•¼ê¸° íŒ¨ëŸ¬ ë¬´ì¡°ê±´,X,X,X,O,ì¶©ì²­ë¶ë„ ë‹¨ì–‘êµ° ê°€ê³¡ë©´ ë‘ì‚°ê¸¸ 196-86,A03,A0304,A03040300
18,í•©ì²œíŒ¨ëŸ¬ê¸€ë¼ì´ë”©íŒŒí¬,"ì¢‹ì•„ìš”
ì¢‹ì•„ìš” 
ì‚¬ìž¥ë‹˜ê»˜ì„œ ë„ˆë¬´ ì¹œì ˆ í•˜ì…”ì„œ ë„ˆë¬´ ì¢‹ì•˜ìŠµë‹ˆë‹¤. 
ë„ˆë¬´ ìž˜ í•´ì£¼ì…”ì„œ í•˜ëŠ˜ì—ì„œ ë©€ë¯¸ í• ë»” í–ˆì§€ë§Œ ì¦ê±°ìš´ ì¶”ì–µì´ì—ˆìŠµë‹ˆë‹¤. 
ì°¨ë¡œ ì˜¬ë¼ê°€ëŠ” ê¸¸ì´ ë”~~~~ ë‹¤ì´ë‚˜ë¯¹ í–ˆìŠµë‹ˆë‹¤. ",ë‹¤ì´ë‚˜ë¯¹ í•˜ëŠ˜ ë” ë©€ë¯¸ ê¸¸ì´ ì°¨ë¡œ ë»” ì¶”ì–µ ì‚¬ìž¥ ì¹œì ˆ ì¹œì ˆ ì‚¬ìž¥ ì¶”ì–µ ì°¨ë¡œ ë©€ë¯¸ ë»” í•˜ëŠ˜ ê¸¸ì´ ë” ë‹¤ì´ë‚˜ë¯¹ ì¶”ì–µ ë»” ë” ê¸¸ì´ ì°¨ë¡œ ë©€ë¯¸ í•˜ëŠ˜ ë‹¤ì´ë‚˜ë¯¹ ì¹œì ˆ ì‚¬ìž¥,X,X,O,X,ê²½ìƒë‚¨ë„ í•©ì²œêµ° ì´ˆê³„ë©´ ìš°íšŒë¡œ 179,A03,A0304,A03040300
