,addr1,addr2,areacode,booktour,cat1,cat2,cat3,contentid,contenttypeid,createdtime,firstimage,firstimage2,cpyrhtDivCd,mapx,mapy,mlevel,modifiedtime,sigungucode,tel,title,zipcode
0,,,32,,C01,C0112,C01120001,2361026,25,20160112183827,http://tong.visitkorea.or.kr/cms/resource/01/1964001_image2_1.jpg,http://tong.visitkorea.or.kr/cms/resource/01/1964001_image3_1.jpg,Type3,128.6003708453,38.2133149015,6,20230808112818,5,,가도 가도 또 가고 싶은 여행지의 스테디셀러,
1,,,36,,C01,C0112,C01120001,2514870,25,20171111012139,http://tong.visitkorea.or.kr/cms/resource/63/1611263_image2_1.jpg,http://tong.visitkorea.or.kr/cms/resource/63/1611263_image3_1.jpg,Type3,128.8772665825,35.2349050783,,20230810171919,4,,가야의 흔적을 찾아서,
2,경상북도 예천군 예천읍 양궁장길 38,,35,,C01,C0112,C01120001,2619120,25,20190918033419,,,,128.4684133992,36.6346778526,,20230811134128,16,,가을여행주간 맞이 '오늘은 예천에서!',36830
3,,,31,,C01,C0112,C01120001,1942787,25,20140822013653,http://tong.visitkorea.or.kr/cms/resource/71/1593471_image2_1.jpg,http://tong.visitkorea.or.kr/cms/resource/71/1593471_image3_1.jpg,Type3,126.8139149802,37.3257653744,6,20240129101412,15,,가족끼리 대부도 나들이,
4,,,4,,C01,C0112,C01120001,1873302,25,20131218233155,http://tong.visitkorea.or.kr/cms/resource/24/1573824_image2_1.jpg,http://tong.visitkorea.or.kr/cms/resource/24/1573824_image3_1.jpg,Type3,128.5189157802,35.8007847438,6,20230810145354,2,,가족들 웃음소리 가득 찬 하루,
5,,,37,,C01,C0112,C01120001,1857201,25,202401181743,http://tong.visitkorea.or.kr/cms/resource/89/2714989_image2_1.jpg,http://tong.visitkorea.or.kr/cms/resource/89/2714989_image2_1.jpg,Type3,126.4892670940,35.8404805922,,20240118174312,2,,가창오리의 화려한 군무를 만나다,
6,,,31,,C01,C0112,C01120001,2012017,25,20150624214452,http://tong.visitkorea.or.kr/cms/resource/61/1985061_image2_1.jpg,http://tong.visitkorea.or.kr/cms/resource/61/1985061_image3_1.jpg,Type3,127.3519597486,37.7416600981,6,20230809152932,1,,"가평에서 만나보는 유럽, 이색체험 여행",
7,,,36,,C01,C0112,C01120001,2385684,25,20160530194734,http://tong.visitkorea.or.kr/cms/resource/96/2374796_image2_1.jpg,http://tong.visitkorea.or.kr/cms/resource/96/2374796_image3_1.jpg,Type3,128.5745890909,35.1741258216,6,20230810092119,16,,감각적으로 탈바꿈한 마산,
8,,,35,,C01,C0112,C01120001,2383747,25,20160514012936,http://tong.visitkorea.or.kr/cms/resource/28/1964628_image2_1.jpg,http://tong.visitkorea.or.kr/cms/resource/28/1964628_image3_1.jpg,Type3,129.3725755913,36.0413596216,6,20230809152348,23,,강과 사람의 이야기가 포항의 물길,
9,,,32,,C01,C0112,C01120001,1904557,25,20140311221403,http://tong.visitkorea.or.kr/cms/resource/33/1185433_image2_1.jpg,http://tong.visitkorea.or.kr/cms/resource/33/1185433_image3_1.jpg,Type3,128.8850778068,37.7865588677,6,20230808111653,1,,강릉 경포로 떠나는 누정 시·문학 기행,
10,,,7,,C01,C0112,C01120001,1889372,25,20140125011508,,,,129.1371063212,35.5890812044,3,20230809091126,5,,강바람 맞으며 죽림욕을 즐겨보자,
11,,,32,,C01,C0112,C01120001,1960290,25,20141028014833,http://tong.visitkorea.or.kr/cms/resource/60/619060_image2_1.jpg,http://tong.visitkorea.or.kr/cms/resource/60/619060_image3_1.jpg,Type3,127.6919326785,37.8928654520,,20230811092127,13,,강원 춘천의 이색문화 체험 코스,
12,,,32,,C01,C0112,C01120001,1917281,25,20140501015833,http://tong.visitkorea.or.kr/cms/resource/90/483990_image2_1.jpg,http://tong.visitkorea.or.kr/cms/resource/90/483990_image3_1.jpg,Type3,128.6070514402,37.0964858668,,20230810150613,8,,강원도 영월의 우리 민속과 아프리카 민속 박물관에서의 토속체험,
13,,,32,,C01,C0112,C01120001,2514013,25,20171103020152,http://tong.visitkorea.or.kr/cms/resource/39/1756739_image2_1.jpg,http://tong.visitkorea.or.kr/cms/resource/39/1756739_image3_1.jpg,Type3,129.1591655140,37.4772693736,,20230810092659,3,,강원도의 산과 바다를 동시에 즐기는 1박 2일 코스,
14,,,32,,C01,C0112,C01120001,1960926,25,20141030030255,http://tong.visitkorea.or.kr/cms/resource/65/607765_image2_1.jpg,http://tong.visitkorea.or.kr/cms/resource/65/607765_image3_1.jpg,Type3,128.2919115390,37.5225141217,4,20230809161700,18,,강원도의 자연과 문학여행,
15,,,36,,C01,C0112,C01120001,2394462,25,20160722002650,http://tong.visitkorea.or.kr/cms/resource/76/2367576_image2_1.jpg,http://tong.visitkorea.or.kr/cms/resource/76/2367576_image3_1.jpg,Type3,0,0,,20230811141033,1,,거제도에서만 볼 수 있는 명소 코스,
16,,,36,,C01,C0112,C01120001,1960921,25,20141030025610,http://tong.visitkorea.or.kr/cms/resource/54/213054_image2_1.jpg,http://tong.visitkorea.or.kr/cms/resource/54/213054_image3_1.jpg,Type3,128.6247343647,34.8753240850,4,20230810162949,1,,거제와 통영의 절경 속으로,
17,,,36,,C01,C0112,C01120001,2364082,25,20160125202338,http://tong.visitkorea.or.kr/cms/resource/40/1999740_image2_1.jpg,http://tong.visitkorea.or.kr/cms/resource/40/1999740_image3_1.jpg,Type3,128.7020315291,34.8335829214,6,20230808170251,1,,거제의 청정하고 푸른 바다와 볼거리,
18,,,31,,C01,C0112,C01120001,2514030,25,20171103202902,http://tong.visitkorea.or.kr/cms/resource/70/2048870_image2_1.JPG,http://tong.visitkorea.or.kr/cms/resource/70/2048870_image2_1.JPG,Type3,127.3114447748,37.0312444314,,20230811103610,16,,겨울방학 썰매장과 안성장의 따끈함으로 추위를 달래자,
19,,,31,,C01,C0112,C01120001,2515446,25,20171116194144,http://tong.visitkorea.or.kr/cms/resource/70/734370_image2_1.jpg,http://tong.visitkorea.or.kr/cms/resource/70/734370_image3_1.jpg,Type3,126.8618741068,37.4396391246,,20230808152246,4,,겨울에 먹는 따끈한 삼계탕,
20,,,31,,C01,C0112,C01120001,1966519,25,20141120012411,http://tong.visitkorea.or.kr/cms/resource/96/1589096_image2_1.jpg,http://tong.visitkorea.or.kr/cms/resource/96/1589096_image3_1.jpg,Type3,127.4135593243,37.7543291982,4,20230808162902,1,,경기 가평군 얼음 눈꽃코스,
21,,,31,,C01,C0112,C01120001,1967350,25,20141124231918,http://tong.visitkorea.or.kr/cms/resource/21/1589321_image2_1.jpg,http://tong.visitkorea.or.kr/cms/resource/21/1589321_image3_1.jpg,Type3,127.1871573389,37.4773711348,4,20230811104210,5,,경기도 광주의 자연 속으로,
22,,,31,,C01,C0112,C01120001,1960916,25,20141030024008,http://tong.visitkorea.or.kr/cms/resource/17/1518917_image2_1.jpg,http://tong.visitkorea.or.kr/cms/resource/17/1518917_image3_1.jpg,Type3,126.9688558787,37.8363476659,4,20230810101309,18,,경기도 양주 현장학습 1일 코스,
23,,,35,,C01,C0112,C01120001,1948980,25,20140919013601,http://tong.visitkorea.or.kr/cms/resource/34/655734_image2_1.jpg,http://tong.visitkorea.or.kr/cms/resource/34/655734_image3_1.jpg,Type3,128.7397133654,35.9865761206,4,20230810145100,1,,경산의 팔공산 갓바위에 오르다,
24,,,31,,C01,C0112,C01120001,2568652,25,20181122020123,http://tong.visitkorea.or.kr/cms/resource/66/2566666_image2_1.jpg,http://tong.visitkorea.or.kr/cms/resource/66/2566666_image3_1.jpg,Type3,127.0739135774,38.1016408230,6,20230808110951,21,,경원선 철길따라 연천여행,
25,,,36,,C01,C0112,C01120001,2514311,25,20171107022641,http://tong.visitkorea.or.kr/cms/resource/12/657112_image2_1.jpg,http://tong.visitkorea.or.kr/cms/resource/12/657112_image3_1.jpg,Type3,128.5050462288,35.5457410800,,20230809132646,15,,경주 못지 않은 문화재의 보고,
26,,,35,,C01,C0112,C01120001,1854218,25,20131030011153,http://tong.visitkorea.or.kr/cms/resource/30/1200930_image2_1.jpg,http://tong.visitkorea.or.kr/cms/resource/30/1200930_image3_1.jpg,Type3,129.3330446288,35.7893956579,,20230810162704,2,,경주 최고의 문화유산을 만나다,
27,,,35,,C01,C0112,C01120001,1945387,25,20140830002511,http://tong.visitkorea.or.kr/cms/resource/43/179843_image2_1.jpg,http://tong.visitkorea.or.kr/cms/resource/43/179843_image3_1.jpg,Type3,129.2128629747,35.8073108096,,20230809102255,2,,경주의 보물을 만나는 길,
28,,,34,,C01,C0112,C01120001,1854246,25,20131030023452,http://tong.visitkorea.or.kr/cms/resource/45/757545_image2_1.jpg,http://tong.visitkorea.or.kr/cms/resource/45/757545_image3_1.jpg,Type3,127.2160876548,36.3892304165,,20230808113151,1,,계룡산에서 즐기는 도예체험,
29,,,31,,C01,C0112,C01120001,1874868,25,20131220235414,http://tong.visitkorea.or.kr/cms/resource/75/812275_image2_1.jpg,http://tong.visitkorea.or.kr/cms/resource/75/812275_image3_1.jpg,Type3,127.1308678550,37.5805109210,6,20230811141815,6,,고구려 역사 되짚어보는 역사기행,
30,,,33,,C01,C0112,C01120001,1854557,25,20131031001549,,,,128.3837325012,37.0032951343,,20230811094413,2,,고구려 온달 장군의 자취를 찾아서,
31,,,2,,C01,C0112,C01120001,1886018,25,20140117000616,http://tong.visitkorea.or.kr/cms/resource/42/1575642_image2_1.jpg,http://tong.visitkorea.or.kr/cms/resource/42/1575642_image2_1.jpg,Type3,126.4858053712,37.7487825943,3,20230811092444,1,,고려시대부터 조선시대의 역사체험,
32,,,32,,C01,C0112,C01120001,1968096,25,20141126233057,http://tong.visitkorea.or.kr/cms/resource/10/1813110_image2_1.jpg,http://tong.visitkorea.or.kr/cms/resource/10/1813110_image3_1.jpg,Type3,128.3756379856,38.5850421467,4,20230810151926,2,,고성에서 인제로 가는 체험여행,
33,,,32,,C01,C0112,C01120001,1853384,25,20131025001343,http://tong.visitkorea.or.kr/cms/resource/98/217598_image2_1.jpg,http://tong.visitkorea.or.kr/cms/resource/98/217598_image3_1.jpg,Type3,128.4728486874,38.2266414284,,20230810162633,2,,고성의 독특한 전통문화를 즐기다,
34,,,37,,C01,C0112,C01120001,2382589,25,202401181743,,,,127.1176646547,35.4860815849,6,20240118174312,7,,고추장 익는 마을코스 [웰촌],
35,,,38,,C01,C0112,C01120001,1966520,25,20141120012855,,,,127.2500807780,34.6042442945,4,20230811133705,2,,고흥의 문화유적 코스 1,
36,,,34,,C01,C0112,C01120001,2037011,25,20151029035943,http://tong.visitkorea.or.kr/cms/resource/50/1807750_image2_1.jpg,http://tong.visitkorea.or.kr/cms/resource/50/1807750_image3_1.jpg,Type3,127.0117431152,36.5577741587,,20230809111910,1,,곰 여인의 전설이 강물 되어 흐르네,
37,,,34,,C01,C0112,C01120001,1854485,25,20131030233545,http://tong.visitkorea.or.kr/cms/resource/56/1598556_image2_1.jpg,http://tong.visitkorea.or.kr/cms/resource/56/1598556_image3_1.jpg,Type3,127.1262798251,36.4630814825,,20230808140634,1,,곰사당에서 듣는 백제 이야기,
38,,,38,,C01,C0112,C01120001,1874783,25,20131220231649,,,,127.7367486187,34.7418705464,4,20230810143620,13,,공룡의 시대를 찾아 떠나는 모험,
39,,,34,,C01,C0112,C01120001,1937588,25,20140729013754,http://tong.visitkorea.or.kr/cms/resource/74/883274_image2_1.jpg,http://tong.visitkorea.or.kr/cms/resource/74/883274_image3_1.jpg,Type3,127.0321512148,36.8056015727,7,20230808135303,9,,과거급제를 꿈꾸던 청년 이순신이 살던 그곳에서 놀기,
40,,,4,,C01,C0112,C01120001,1978180,25,20141220015115,http://tong.visitkorea.or.kr/cms/resource/26/1870326_image2_1.jpg,http://tong.visitkorea.or.kr/cms/resource/26/1870326_image3_1.jpg,Type3,128.4655208035,35.6882159398,4,20230809142245,3,,과학관과 문화원에서 대구에 대해 알아보기,
41,,,31,,C01,C0112,C01120001,1997061,25,20150413204752,,,,127.4235583102,37.2753960345,6,20230810091447,26,,관람과 체험을 함께 즐기는 이천 체험여행,
42,,,31,,C01,C0112,C01120001,2515714,25,20171116233430,,,,126.6515891206,37.1870619226,,20230811103057,31,,구불구불 서해안 바닷길 여행,
43,,,3,,C01,C0112,C01120001,1978169,25,20141220011411,,,,127.3355089264,36.3371579320,4,20230810114248,4,,국립현충원과 대전의 문화유산을 살펴볼 기회,
44,,,32,,C01,C0112,C01120001,1853824,25,20131026011537,http://tong.visitkorea.or.kr/cms/resource/32/771932_image2_1.jpg,http://tong.visitkorea.or.kr/cms/resource/32/771932_image3_1.jpg,Type3,128.0296438648,38.0690235140,,20230809164009,6,,국토 정중앙에서 동족상잔의 비극을 만나다,
45,,,37,,C01,C0112,C01120001,2371989,25,202401181743,http://tong.visitkorea.or.kr/cms/resource/14/1603914_image2_1.jpg,http://tong.visitkorea.or.kr/cms/resource/14/1603914_image3_1.jpg,Type3,126.7958894224,35.9587417615,6,20240118174312,2,,군산역사문화탐방 시간여행,
46,,,32,,C01,C0112,C01120001,1855153,25,20131101012054,http://tong.visitkorea.or.kr/cms/resource/02/1136202_image2_1.jpg,http://tong.visitkorea.or.kr/cms/resource/02/1136202_image3_1.jpg,Type3,127.3277141782,38.1401770847,,20230810105621,12,,굽이치는 한탄강의 절경을 만나다,
47,,,1,,C01,C0112,C01120001,1952978,25,20140930025553,http://tong.visitkorea.or.kr/cms/resource/42/1568042_image2_1.jpg,http://tong.visitkorea.or.kr/cms/resource/42/1568042_image3_1.jpg,Type3,126.9767235747,37.5801859611,6,20230810093117,23,,궁의 북쪽 자하문 돌아보기,
48,,,2,,C01,C0112,C01120001,2360808,25,20160111215029,http://tong.visitkorea.or.kr/cms/resource/70/1577670_image2_1.jpg,http://tong.visitkorea.or.kr/cms/resource/70/1577670_image3_1.jpg,Type3,126.5983527330,37.4738193767,6,20230809095620,,,그때를 아시나요? 고대부터 미래까지 시간여행,
49,,,5,,C01,C0112,C01120001,2361008,25,20160112023812,http://tong.visitkorea.or.kr/cms/resource/04/1995304_image2_1.jpg,http://tong.visitkorea.or.kr/cms/resource/04/1995304_image3_1.jpg,Type3,126.8855651524,35.1817203970,6,20230809140705,,,근대와 현대를 넘나드는 100년의 시간여행,
50,,,34,,C01,C0112,C01120001,2514411,25,20171107200128,http://tong.visitkorea.or.kr/cms/resource/24/2034924_image2_1.jpg,http://tong.visitkorea.or.kr/cms/resource/24/2034924_image3_1.jpg,Type3,126.8608002090,36.0683025926,,20230808112320,8,,금강과 갈대밭의 '광활' 속으로,
51,,,34,,C01,C0112,C01120001,2047526,25,20151209183621,http://tong.visitkorea.or.kr/cms/resource/13/1922713_image2_1.jpg,http://tong.visitkorea.or.kr/cms/resource/13/1922713_image3_1.jpg,Type3,126.7246689502,36.0297102165,6,20230808143627,8,,기차 타고 만나는 세계 5대 기후대,
52,,,36,,C01,C0112,C01120001,1908056,25,20140326013241,http://tong.visitkorea.or.kr/cms/resource/29/1611229_image2_1.jpg,http://tong.visitkorea.or.kr/cms/resource/29/1611229_image3_1.jpg,Type3,128.8773079820,35.2445817707,7,20230809140401,4,,김해 가락국의 왕과 비가 잠들어 있는 이곳을 찾아서,
53,,,36,,C01,C0112,C01120001,1908065,25,20140326015414,http://tong.visitkorea.or.kr/cms/resource/65/1611265_image2_1.jpg,http://tong.visitkorea.or.kr/cms/resource/65/1611265_image3_1.jpg,Type3,128.8783664803,35.2351272956,7,20230808155445,4,,김해 전통문화와 대성동고분박물관 여행,
54,,,37,,C01,C0112,C01120001,1874106,25,202401181743,http://tong.visitkorea.or.kr/cms/resource/65/1605565_image2_1.jpg,http://tong.visitkorea.or.kr/cms/resource/65/1605565_image3_1.jpg,Type3,127.1486672969,35.8137060365,7,20240118174312,12,,꼼꼼하게 둘러보는 전주 한옥마을과 주변 명소들,
55,,,38,,C01,C0112,C01120001,2514080,25,20171106200935,http://tong.visitkorea.or.kr/cms/resource/37/1606637_image2_1.jpg,http://tong.visitkorea.or.kr/cms/resource/37/1606637_image3_1.jpg,Type3,126.8071218795,34.5120083246,,20230810162843,1,,남도에서 만나는 '우리 것',
56,,,38,,C01,C0112,C01120001,2434014,25,20161012014339,http://tong.visitkorea.or.kr/cms/resource/11/195911_image2_1.jpg,http://tong.visitkorea.or.kr/cms/resource/11/195911_image3_1.jpg,Type3,126.3380074769,34.5160973992,6,20230810144918,21,,남도의 풍류에 젖어드는 진도 의신사천마을 (웰촌),
57,,,1,,C01,C0112,C01120001,1921815,25,20140529011404,http://tong.visitkorea.or.kr/cms/resource/73/1569173_image2_1.jpg,http://tong.visitkorea.or.kr/cms/resource/73/1569173_image3_1.jpg,Type3,126.9940059289,37.5591248302,6,20230809154512,24,,남산을 중심으로 문화놀이,
58,,,31,,C01,C0112,C01120001,2363035,25,20160118202357,http://tong.visitkorea.or.kr/cms/resource/26/1591326_image2_1.jpg,http://tong.visitkorea.or.kr/cms/resource/26/1591326_image3_1.jpg,Type3,127.3242315783,37.6504951888,6,20230808160123,9,,남양주시의 이색박물관 모음코스,
59,,,33,,C01,C0112,C01120001,1887382,25,20140121004208,http://tong.visitkorea.or.kr/cms/resource/96/177896_image2_1.jpg,http://tong.visitkorea.or.kr/cms/resource/96/177896_image3_1.jpg,Type3,127.8409747200,37.1323229682,7,20230808172247,11,,남한강을 따라 만나는 역사의 향기,
60,,,36,,C01,C0112,C01120001,2500378,25,20170719220946,http://tong.visitkorea.or.kr/cms/resource/65/1953165_image2_1.jpg,http://tong.visitkorea.or.kr/cms/resource/65/1953165_image3_1.jpg,Type3,128.0515398133,34.7711838674,6,20211116000201,5,,남해에서 잡아 올린 월척 행복여행 [웰촌],
61,,,36,,C01,C0112,C01120001,1967827,25,20141125235935,http://tong.visitkorea.or.kr/cms/resource/43/1299643_image2_1.jpg,http://tong.visitkorea.or.kr/cms/resource/43/1299643_image3_1.jpg,Type3,128.0332736552,34.9205362631,5,20230811102856,5,,남해의 바다를 보며 즐거운 체험 여행,
62,,,36,,C01,C0112,C01120001,1967835,25,20141126000810,http://tong.visitkorea.or.kr/cms/resource/74/1300774_image2_1.jpg,http://tong.visitkorea.or.kr/cms/resource/74/1300774_image3_1.jpg,Type3,128.0485825206,34.7408149906,4,20230808110218,5,,남해의푸른 바다와 산을 만나다.,
63,,,36,,C01,C0112,C01120001,2515783,25,20171117185728,,,,128.4566390415,35.5577416220,,20230810093837,15,,"내 아이와 함께, 시골 겨울나기",
64,,,37,,C01,C0112,C01120001,2371950,25,202401181743,http://tong.visitkorea.or.kr/cms/resource/55/652955_image2_1.jpg,http://tong.visitkorea.or.kr/cms/resource/55/652955_image3_1.jpg,Type3,126.8301364886,35.6304936110,6,20240118174312,13,,내장산의 단풍과 동학혁명의 뜨거운 열망이 타는 정읍,
65,,,35,,C01,C0112,C01120001,1943392,25,20140826004608,http://tong.visitkorea.or.kr/cms/resource/02/2654202_image2_1.jpg,http://tong.visitkorea.or.kr/cms/resource/02/2654202_image3_1.jpg,Type3,128.5549628011,36.5808745081,7,20230808152955,11,,너무도 유명한 안동 하회마을 여행 코스,
66,,,5,,C01,C0112,C01120001,1978379,25,20141222195333,,,,126.8446232093,35.2264646491,4,20230811133809,4,,녹색의 에너지 체험과 광주의 유적지 탐방,
67,,,35,,C01,C0112,C01120001,2006523,25,20150529221438,http://tong.visitkorea.or.kr/cms/resource/67/1615367_image2_1.jpg,http://tong.visitkorea.or.kr/cms/resource/67/1615367_image3_1.jpg,Type3,129.1936228454,35.8125237475,6,20230816112228,2,,눈으로 보고 마음으로 느끼는 경주 미술·박물관 여행,
68,,,35,,C01,C0112,C01120001,1948716,25,20140918021341,,,,129.2704176242,36.9917161844,6,20230810170949,18,,"늙은 소나무가 들려주는 삶의 지혜, 울진에서 힐링해 보자",
69,,,38,,C01,C0112,C01120001,1856925,25,20131109013110,http://tong.visitkorea.or.kr/cms/resource/59/566959_image2_1.jpg,http://tong.visitkorea.or.kr/cms/resource/59/566959_image3_1.jpg,Type3,126.7462311628,34.5790970174,,20230810151802,1,,다산의 발길 따라 걸어볼까?,
70,,,31,,C01,C0112,C01120001,2018433,25,20150717235549,http://tong.visitkorea.or.kr/cms/resource/80/1747580_image2_1.jpg,http://tong.visitkorea.or.kr/cms/resource/80/1747580_image3_1.jpg,Type3,126.9215350009,36.9511050656,6,20230811092513,28,,다양한 체험과 이국적인 정취를 느낄 수 있는 평택 여행코스,
71,강원특별자치도 강릉시 종합운동장길 32,(교동),32,,C01,C0112,C01120001,2628999,25,20191022232300,http://tong.visitkorea.or.kr/cms/resource/85/2628985_image2_1.jpg,http://tong.visitkorea.or.kr/cms/resource/85/2628985_image3_1.jpg,Type3,128.8925858597,37.7737771598,,20230712162910,1,,다양한 체험을 즐기는 뉴트로 강릉 여행!,25474
72,,,36,,C01,C0112,C01120001,2515793,25,20171117200021,http://tong.visitkorea.or.kr/cms/resource/15/1271415_image2_1.jpg,http://tong.visitkorea.or.kr/cms/resource/15/1271415_image3_1.jpg,Type3,127.6608508474,35.2385634197,,20230809163449,18,,단군의 성전을 찾아서,
73,,,32,,C01,C0112,C01120001,1854625,25,20131031015917,http://tong.visitkorea.or.kr/cms/resource/86/1160486_image2_1.jpg,http://tong.visitkorea.or.kr/cms/resource/86/1160486_image3_1.jpg,Type3,128.4347802953,37.2063560780,,20230811092413,8,,단종 유배를 따라가는 여행,
74,,,4,,C01,C0112,C01120001,1921843,25,20140529015039,http://tong.visitkorea.or.kr/cms/resource/48/1326548_image2_1.jpg,http://tong.visitkorea.or.kr/cms/resource/48/1326548_image3_1.jpg,Type3,128.6416260220,35.9426126151,6,20230809160031,4,,대구 문화체험 코스,
75,,,4,,C01,C0112,C01120001,1978191,25,20141220021640,http://tong.visitkorea.or.kr/cms/resource/57/1573857_image2_1.jpg,http://tong.visitkorea.or.kr/cms/resource/57/1573857_image3_1.jpg,Type3,128.5659768748,35.8522520064,4,20230810161528,2,,대구에 있는 놀이터와 동네 구석구석 찾기,
76,,,4,,C01,C0112,C01120001,1873337,25,20131218234903,http://tong.visitkorea.or.kr/cms/resource/71/1144571_image2_1.jpg,http://tong.visitkorea.or.kr/cms/resource/71/1144571_image3_1.jpg,Type3,128.6275675843,35.7914905714,5,20230808132358,3,,대구의 멋과 맛을 동시에 즐길 수 있는 하루,
77,,,35,,C01,C0112,C01120001,1948987,25,20140919015258,http://tong.visitkorea.or.kr/cms/resource/89/1615489_image2_1.jpg,http://tong.visitkorea.or.kr/cms/resource/89/1615489_image3_1.jpg,Type3,128.7497082649,35.8400012322,8,20230809092337,1,,대구의 분지의 중부평야의 유적을 찾아서,
78,,,6,,C01,C0112,C01120001,2385685,25,20160530200719,http://tong.visitkorea.or.kr/cms/resource/34/2371134_image2_1.jpg,http://tong.visitkorea.or.kr/cms/resource/34/2371134_image3_1.jpg,Type3,129.2127159794,35.2046146711,6,20230809093543,3,,대나무 울창한 아홉산 숲으로,
79,,,31,,C01,C0112,C01120001,1887440,25,20140121024157,http://tong.visitkorea.or.kr/cms/resource/54/1589654_image2_1.jpg,http://tong.visitkorea.or.kr/cms/resource/54/1589654_image3_1.jpg,Type3,126.6383171691,37.2212077334,5,20230808130532,15,,대부도에서 바다의 매력에 빠져보자!,
80,,,3,,C01,C0112,C01120001,1928006,25,20140625011033,http://tong.visitkorea.or.kr/cms/resource/09/1092609_image2_1.jpg,http://tong.visitkorea.or.kr/cms/resource/09/1092609_image3_1.jpg,Type3,127.3858064079,36.3665776799,,20230810161944,3,,대전의 시민 문화를 찾아 떠나는 여행,
81,,,3,,C01,C0112,C01120001,1978170,25,20141220011954,http://tong.visitkorea.or.kr/cms/resource/36/1585736_image2_1.jpg,http://tong.visitkorea.or.kr/cms/resource/36/1585736_image3_1.jpg,Type3,127.3978049793,36.2771825604,4,20230809110210,5,,대전의 유교문화와 자신의 성씨 알 수 있는 효친 사상,
82,,,3,,C01,C0112,C01120001,2384827,25,20160524020511,http://tong.visitkorea.or.kr/cms/resource/37/2364237_image2_1.jpg,http://tong.visitkorea.or.kr/cms/resource/37/2364237_image3_1.jpg,Type3,127.3924057841,36.3677943249,6,20230808141746,4,,대전의 즐거운 공부나들이 코스,
83,,,36,,C01,C0112,C01120001,1908277,25,20140326223159,http://tong.visitkorea.or.kr/cms/resource/98/1207298_image2_1.jpg,http://tong.visitkorea.or.kr/cms/resource/98/1207298_image3_1.jpg,Type3,128.7755406911,35.1853643277,7,20230810110450,4,,"더운 여름, 김해의 계곡에서 놀아보자",
84,,,31,,C01,C0112,C01120001,1887396,25,20140121011410,http://tong.visitkorea.or.kr/cms/resource/68/750368_image2_1.jpg,http://tong.visitkorea.or.kr/cms/resource/68/750368_image3_1.jpg,Type3,127.0809904354,37.4341881202,8,20230810095414,12,,도심에서 즐기는 오붓한 자연과 책의 대화,
85,,,31,,C01,C0112,C01120001,2515531,25,20171116230156,,,,127.4234055082,37.2767403207,,20230809131725,26,,"도자기 굽고 쌀밥 먹고, 이천의 진수를 보다",
86,,,34,,C01,C0112,C01120001,1889823,25,20140128190155,http://tong.visitkorea.or.kr/cms/resource/90/1599990_image2_1.jpg,http://tong.visitkorea.or.kr/cms/resource/90/1599990_image3_1.jpg,Type3,126.5470005898,36.5973587493,7,20230809101908,15,,독립운동의 큰별을 만나다,
87,,,39,,C01,C0112,C01120001,2389114,25,20160622012224,http://tong.visitkorea.or.kr/cms/resource/59/650459_image2_1.jpg,http://tong.visitkorea.or.kr/cms/resource/59/650459_image3_1.jpg,Type3,126.2551753838,33.3254009536,6,20230809135726,,,동광리농촌체험휴양마을 체험 코스 [웰촌],
88,,,31,,C01,C0112,C01120001,2514026,25,20171103201800,http://tong.visitkorea.or.kr/cms/resource/84/486084_image2_1.jpg,http://tong.visitkorea.or.kr/cms/resource/84/486084_image3_1.jpg,Type3,127.1699685382,37.0357747059,,20230808104832,16,,동물 좋아하는 아이는 다 모여라!,
89,,,31,,C01,C0112,C01120001,1887633,25,20140122002031,http://tong.visitkorea.or.kr/cms/resource/02/1589702_image2_1.jpg,http://tong.visitkorea.or.kr/cms/resource/02/1589702_image3_1.jpg,Type3,127.2788641206,37.0406483163,7,20230809171257,16,,동물체험 농장과  신명 넘치는 우리 문화의 매력을 만나다,
90,,,33,,C01,C0112,C01120001,1854606,25,20131031005648,http://tong.visitkorea.or.kr/cms/resource/32/689532_image2_1.jpg,http://tong.visitkorea.or.kr/cms/resource/32/689532_image3_1.jpg,Type3,127.6106475523,36.1580416141,,20230810143812,4,,동서양의 문화를 모두 즐기는 여행,
91,,,36,,C01,C0112,C01120001,2385677,25,20160530190045,http://tong.visitkorea.or.kr/cms/resource/53/1929553_image2_1.jpg,http://tong.visitkorea.or.kr/cms/resource/53/1929553_image3_1.jpg,Type3,127.8279364158,35.4397658786,6,20230808130108,9,,동의보감 간행 400주년 기념 산청세계전통의학엑스포가 열린 곳,
92,,,34,,C01,C0112,C01120001,2017501,25,20150716195148,http://tong.visitkorea.or.kr/cms/resource/78/1870678_image2_1.jpg,http://tong.visitkorea.or.kr/cms/resource/78/1870678_image3_1.jpg,Type3,126.6702397511,36.3770472975,6,20230809153940,5,,땅굴 속의 찬바람 보령시 냉풍욕장에서 시원한 여름을~,
93,,,36,,C01,C0112,C01120001,2357713,25,20161230034016,http://tong.visitkorea.or.kr/cms/resource/69/1870669_image2_1.jpg,http://tong.visitkorea.or.kr/cms/resource/69/1870669_image3_1.jpg,Type3,127.9572739316,35.0588999517,6,20230811100309,8,,뗏목 타고 피라미 잡으며 더위사냥,
94,,,37,,C01,C0112,C01120001,2357736,25,202401181743,http://tong.visitkorea.or.kr/cms/resource/73/196773_image2_1.jpg,http://tong.visitkorea.or.kr/cms/resource/73/196773_image3_1.jpg,Type3,126.5654405049,35.5247678098,6,20240118174312,1,,뙤약볕이 두렵지 않은 조개 캐기 삼매경,
95,,,35,,C01,C0112,C01120001,1944431,25,20140827014946,http://tong.visitkorea.or.kr/cms/resource/69/691869_image2_1.jpg,http://tong.visitkorea.or.kr/cms/resource/69/691869_image3_1.jpg,Type3,128.4919475242,36.7271649359,5,20230810170754,16,,막걸리를 좋아하는 소나무를 찾아서,
96,,,38,,C01,C0112,C01120001,1886063,25,20140117013657,http://tong.visitkorea.or.kr/cms/resource/24/1564424_image2_1.jpg,http://tong.visitkorea.or.kr/cms/resource/24/1564424_image3_1.jpg,Type3,126.6166755634,34.4768230174,7,20230808153030,23,,"만세토록 허물어지지 않을 산, 두륜산과 대흥사를 가다",
97,,,32,,C01,C0112,C01120001,1853434,25,20131025015108,http://tong.visitkorea.or.kr/cms/resource/23/1046023_image2_1.jpg,http://tong.visitkorea.or.kr/cms/resource/23/1046023_image3_1.jpg,Type3,129.2662412377,37.3230642108,6,20230810155825,4,,맑고 깨끗한 삼척의 바다를 즐기다,
98,강원특별자치도 평창군 봉평면 이효석길 33-11,,32,,C01,C0112,C01120001,2672809,25,20200917021836,,,,128.3599971952,37.6107996472,6,20230712164355,15,,메밀꽃 필 무렵이면 효석문화제가 열린다,25304
99,,,31,,C01,C0112,C01120001,2029079,25,20150915203457,http://tong.visitkorea.or.kr/cms/resource/24/2017324_image2_1.jpg,http://tong.visitkorea.or.kr/cms/resource/24/2017324_image3_1.jpg,Type3,127.6204923232,37.2117819750,6,20230811094630,20,,목장 체험은 여주에서~,
100,,,38,,C01,C0112,C01120001,2393500,25,20160718183433,http://tong.visitkorea.or.kr/cms/resource/34/1804634_image2_1.jpg,http://tong.visitkorea.or.kr/cms/resource/34/1804634_image3_1.jpg,Type3,126.3888799812,34.7819100093,6,20230809164308,8,,목포의 방학여행 코스,
101,,,36,,C01,C0112,C01120001,2364126,25,20160126002156,http://tong.visitkorea.or.kr/cms/resource/10/1611410_image2_1.jpg,http://tong.visitkorea.or.kr/cms/resource/10/1611410_image3_1.jpg,Type3,128.0768878142,35.1889652253,6,20230810091600,8,,무엇을 상상하든 그 이상의 절경을 만나다.,
102,,,2,,C01,C0112,C01120001,1885994,25,20140116232110,http://tong.visitkorea.or.kr/cms/resource/86/1579386_image2_1.jpg,http://tong.visitkorea.or.kr/cms/resource/86/1579386_image3_1.jpg,Type3,126.4140210951,37.4181837247,7,20230809162406,10,,무의도에서 즐기는 바다체험,
103,,,37,,C01,C0112,C01120001,2389208,25,202401181743,http://tong.visitkorea.or.kr/cms/resource/11/1929711_image2_1.jpg,http://tong.visitkorea.or.kr/cms/resource/11/1929711_image3_1.jpg,Type3,127.7513442585,36.0228456386,6,20240118174312,5,,무주의 여름방학 특집 체험지 코스,
104,,,35,,C01,C0112,C01120001,1960685,25,20141029014719,http://tong.visitkorea.or.kr/cms/resource/73/1070573_image2_1.jpg,http://tong.visitkorea.or.kr/cms/resource/73/1070573_image3_1.jpg,Type3,128.0615463625,36.6539153324,3,20230809153856,7,,문경 생달리 마을에서 푸근한 전통 음식을 만들어보자,
105,,,35,,C01,C0112,C01120001,1949306,25,20140920020753,,,,128.7305180043,35.6503972969,4,20230808152124,20,,물 맑고 깨끗한 그 이름도 청도,
106,,,3,,C01,C0112,C01120001,2046868,25,20151208031523,http://tong.visitkorea.or.kr/cms/resource/58/1092358_image2_1.jpg,http://tong.visitkorea.or.kr/cms/resource/58/1092358_image3_1.jpg,Type3,127.4790506573,36.4751530236,6,20230809093050,,,"물길 따라 500리 마음 길 따라 1,000리",
107,,,34,,C01,C0112,C01120001,1938178,25,20140730233849,,,,126.6165583317,36.4876364530,,20230808135811,15,,바다 진미와 서해안 절경을 함께하다,
108,,,36,,C01,C0112,C01120001,2364608,25,20160127191430,http://tong.visitkorea.or.kr/cms/resource/25/2043325_image2_1.jpg,http://tong.visitkorea.or.kr/cms/resource/25/2043325_image3_1.jpg,Type3,128.6753431777,35.3138508505,6,20230810170433,16,,"바다, 항구, 문화, 예술을 품은 카멜레온의 도시",
109,,,34,,C01,C0112,C01120001,1937599,25,20140729015042,http://tong.visitkorea.or.kr/cms/resource/69/533569_image2_1.jpg,http://tong.visitkorea.or.kr/cms/resource/69/533569_image3_1.jpg,Type3,126.8247426289,36.8905770137,7,20230810092316,4,,바다따라 이어지는 충청 체험 여행,
110,,,38,,C01,C0112,C01120001,1885614,25,20140116004337,http://tong.visitkorea.or.kr/cms/resource/67/214367_image2_1.jpg,http://tong.visitkorea.or.kr/cms/resource/67/214367_image3_1.jpg,Type3,126.6724790651,34.3576900512,6,20230811094441,18,,바다를 호령하던 장보고의 흔적을 가다,
111,,,34,,C01,C0112,C01120001,1889501,25,20140127190439,http://tong.visitkorea.or.kr/cms/resource/69/533569_image2_1.jpg,http://tong.visitkorea.or.kr/cms/resource/69/533569_image3_1.jpg,Type3,126.8247426289,36.8905770137,7,20230810144022,4,,바다와 목장에서 즐기는 가족체험,
112,,,35,,C01,C0112,C01120001,2357553,25,20161230013432,http://tong.visitkorea.or.kr/cms/resource/07/1230307_image2_1.jpg,http://tong.visitkorea.or.kr/cms/resource/07/1230307_image3_1.jpg,Type3,129.4434423280,36.4898240179,6,20230808130722,12,,"바다와 바람, 자연체험여행의 보물창고",
113,,,32,,C01,C0112,C01120001,1846297,25,20130924192336,http://tong.visitkorea.or.kr/cms/resource/79/181579_image2_1.jpg,http://tong.visitkorea.or.kr/cms/resource/79/181579_image3_1.jpg,Type3,128.4598152167,38.4465127542,,20230810091356,2,,바다와 호수가 아름다운 동해안 최북단 여행,
114,,,34,,C01,C0112,C01120001,1938187,25,20140731000410,http://tong.visitkorea.or.kr/cms/resource/63/213363_image2_1.jpg,http://tong.visitkorea.or.kr/cms/resource/63/213363_image3_1.jpg,Type3,126.5026716810,36.1562530676,7,20230809163146,8,,바닷가 풍경이 아름다운 곳에서 체험까지,
115,강원특별자치도 삼척시 신기면 환선로 800,,32,,C01,C0112,C01120001,2722479,25,20210622194532,http://tong.visitkorea.or.kr/cms/resource/18/2617018_image2_1.jpg,http://tong.visitkorea.or.kr/cms/resource/18/2617018_image3_1.jpg,Type3,129.0212519227,37.3264090504,6,20230809130251,4,,바람 솔솔 부는 용굴촛대바위길따라 삼척의 깨끗함에 물들다!,25942
116,,,31,,C01,C0112,C01120001,1869491,25,20131211013619,http://tong.visitkorea.or.kr/cms/resource/70/1589970_image2_1.jpg,http://tong.visitkorea.or.kr/cms/resource/70/1589970_image3_1.jpg,Type3,127.4063399677,37.0951998733,6,20230810114025,23,,바오밥나무 아래서 어린왕자 만나볼까?,
117,,,33,,C01,C0112,C01120001,1939807,25,20140808004147,,,,127.3819548678,36.6388325203,6,20230808131434,10,,"박물관에서 놀고, 자연에서 배우다",
118,,,33,,C01,C0112,C01120001,1938454,25,20140731234448,,,,127.4918473444,36.6547271088,,20230809101113,10,,"박물관이 살아 숨쉰다, 볼 것 많은 증평에 오세요",
119,,,8,,C01,C0112,C01120001,1889333,25,20140125004306,,,,127.2268233496,36.6756755245,7,20230811092725,,,반달가슴곰과 놀아보자!,
120,,,37,,C01,C0112,C01120001,2393105,25,202401181743,http://tong.visitkorea.or.kr/cms/resource/12/1929712_image2_1.jpg,http://tong.visitkorea.or.kr/cms/resource/12/1929712_image3_1.jpg,Type3,127.7950716586,35.9960244724,6,20240118174312,5,,반딧불이 아름다운 청정 무주에서 즐기기 [웰촌],
121,,,38,,C01,C0112,C01120001,2050465,25,20151216233706,http://tong.visitkorea.or.kr/cms/resource/67/1939067_image2_1.jpg,http://tong.visitkorea.or.kr/cms/resource/67/1939067_image3_1.jpg,Type3,126.3821915424,34.7877703511,6,20230809112353,8,,밤이 아름다운 산과 바다,
122,,,31,,C01,C0112,C01120001,2363014,25,20160118180220,http://tong.visitkorea.or.kr/cms/resource/82/1591682_image2_1.jpg,http://tong.visitkorea.or.kr/cms/resource/82/1591682_image3_1.jpg,Type3,126.8656803698,37.5997678075,6,20230810105829,2,,방학에 즐기기 좋은 체험 여행지,
123,,,31,,C01,C0112,C01120001,1870085,25,20131212013025,http://tong.visitkorea.or.kr/cms/resource/02/1253702_image2_1.jpg,http://tong.visitkorea.or.kr/cms/resource/02/1253702_image3_1.jpg,Type3,127.0078244581,37.3498771413,,20230809104926,24,,백운호수따라 즐기는 드라이브와 별미여행,
124,,,37,,C01,C0112,C01120001,2371990,25,202401181743,http://tong.visitkorea.or.kr/cms/resource/00/1308300_image2_1.jpg,http://tong.visitkorea.or.kr/cms/resource/00/1308300_image3_1.jpg,Type3,126.9877281196,35.9482657035,6,20240118174312,9,,백제 문화의 진향이 진하게 배어나는 곳,
125,,,34,,C01,C0112,C01120001,1936020,25,20140722014152,http://tong.visitkorea.or.kr/cms/resource/76/531176_image2_1.jpg,http://tong.visitkorea.or.kr/cms/resource/76/531176_image3_1.jpg,Type3,127.2450551210,36.3664029859,8,20230809112325,1,,백제의 숨결 가득한 역사 속으로,
126,,,34,,C01,C0112,C01120001,1937648,25,20140729022941,,,,126.9834123585,36.4533050966,,20230810150734,13,,버라이어티보다 더 버라이어티하게,
127,강원특별자치도 강릉시 경포로 365,(저동),32,,C01,C0112,C01120001,2672343,25,20200916014413,http://tong.visitkorea.or.kr/cms/resource/86/2596286_image2_1.jpg,http://tong.visitkorea.or.kr/cms/resource/86/2596286_image3_1.jpg,Type3,128.8965681570,37.7956108224,6,20230712163722,1,,벚꽃 흩날리는 경포호를 걷다,25461
128,,,37,,C01,C0112,C01120001,1865567,25,202401181743,,,,126.7286377009,35.7193345590,,20240118174312,6,,변산반도 국립공원의 진면목을 만나다,
129,,,31,,C01,C0112,C01120001,1997025,25,20150413191531,,,,127.6091352068,37.3986434984,6,20230810144536,20,,보고 느끼고 즐기는 여주 미술·박물관·체험 여행,
130,경상남도 남해군 삼동면 금암로 519-4,,36,,C01,C0112,C01120001,2631918,25,20191031010115,http://tong.visitkorea.or.kr/cms/resource/95/1991395_image2_1.jpg,http://tong.visitkorea.or.kr/cms/resource/95/1991395_image3_1.jpg,Type3,128.0122018074,34.7623647190,6,20191031014439,5,,보물섬 남해로 떠나는 황홀한 여행,52448
131,,,31,,C01,C0112,C01120001,2363261,25,20160119201952,http://tong.visitkorea.or.kr/cms/resource/48/2010748_image2_1.jpg,http://tong.visitkorea.or.kr/cms/resource/48/2010748_image3_1.jpg,Type3,126.9468778065,37.7225966347,6,20230810160205,18,,볼거리가 하늘의 별처럼 촘촘히 박혀있는 곳,
132,강원특별자치도 평창군 대관령면 대관령마루길 483-32,,32,,C01,C0112,C01120001,2672834,25,20200917024520,http://tong.visitkorea.or.kr/cms/resource/19/2640119_image2_1.bmp,http://tong.visitkorea.or.kr/cms/resource/19/2640119_image2_1.bmp,Type3,128.7533288363,37.6876427505,6,20230809082753,15,,봄 햇살 내리는 목장으로 초대,25342
133,,,32,,C01,C0112,C01120001,2037368,25,20151102190347,http://tong.visitkorea.or.kr/cms/resource/88/180688_image2_1.jpg,http://tong.visitkorea.or.kr/cms/resource/88/180688_image3_1.jpg,Type3,128.6763238031,37.7158102262,6,20230811094245,15,,봅슬레이 눈썰매로 겨울이 뜨겁다.,
134,,,35,,C01,C0112,C01120001,1949894,25,20140923024758,http://tong.visitkorea.or.kr/cms/resource/16/893216_image2_1.jpg,http://tong.visitkorea.or.kr/cms/resource/16/893216_image3_1.jpg,Type3,128.7436004749,36.9042271877,7,20230810143941,8,,봉화의 볼거리와 먹거리를 찾아,
135,,,6,,C01,C0112,C01120001,2360805,25,20160111200128,http://tong.visitkorea.or.kr/cms/resource/49/1994249_image2_1.jpg,http://tong.visitkorea.or.kr/cms/resource/49/1994249_image3_1.jpg,Type3,128.8419725161,36.1298034567,6,20230808104918,,,부산의 자연생태 체험 코스,
136,,,31,,C01,C0112,C01120001,1960294,25,20141028020518,http://tong.visitkorea.or.kr/cms/resource/97/1859997_image2_1.jpg,http://tong.visitkorea.or.kr/cms/resource/97/1859997_image3_1.jpg,Type3,127.1553199031,38.1995503054,6,20230809100458,21,,북을 바라보는 연천 역사의 하루 코스,
137,,,35,,C01,C0112,C01120001,1854224,25,20131030012214,http://tong.visitkorea.or.kr/cms/resource/61/1200561_image2_1.jpg,http://tong.visitkorea.or.kr/cms/resource/61/1200561_image3_1.jpg,Type3,129.2075046626,35.8230644863,,20230810171452,2,,불국토 남산에 올라 경주를 굽어보다,
138,,,5,,C01,C0112,C01120001,2605931,25,20190612012536,http://tong.visitkorea.or.kr/cms/resource/71/1195871_image2_1.jpg,http://tong.visitkorea.or.kr/cms/resource/71/1195871_image3_1.jpg,Type3,126.9395617934,35.2358457501,6,20230808111030,,,빛 고을에 울려 퍼진 민주화의 함성,
139,,,34,,C01,C0112,C01120001,2519144,25,20171205221350,,,,126.6989186177,36.7609369853,,20230809111714,11,,사과 향기 따라 옮긴 발걸음,
140,,,33,,C01,C0112,C01120001,1854583,25,20131031002322,,,,128.3225618631,36.9461422180,,20230808135532,2,,사인암에서 옥순봉까지 단양팔경을 유람하다,
141,,,36,,C01,C0112,C01120001,2514308,25,20171107021250,http://tong.visitkorea.or.kr/cms/resource/82/1611382_image2_1.jpg,http://tong.visitkorea.or.kr/cms/resource/82/1611382_image3_1.jpg,Type3,128.0936502129,35.0841439713,,20230808170200,8,,사천의 과거와 현재를 보다,
142,,,32,,C01,C0112,C01120001,1846248,25,20130924190457,http://tong.visitkorea.or.kr/cms/resource/66/217566_image2_1.jpg,http://tong.visitkorea.or.kr/cms/resource/66/217566_image3_1.jpg,Type3,128.6909113815,37.8062055984,,20230808161345,1,,"산, 계곡, 바다를 아우르는 여행",
143,,,34,,C01,C0112,C01120001,1968521,25,20141128004955,http://tong.visitkorea.or.kr/cms/resource/25/214925_image2_1.jpg,http://tong.visitkorea.or.kr/cms/resource/25/214925_image3_1.jpg,Type3,127.1873630896,36.3655131816,5,20230808131400,1,,산사에서 21세기 밤하늘의 별과 과학체험을 함께,
144,,,37,,C01,C0112,C01120001,1874079,25,202401181743,,,,127.0301643512,36.0111259369,6,20240118174312,9,,"삼국시대에서 근대까지, 익산이 품은 이야기를 만나다",
145,,,34,,C01,C0112,C01120001,2519141,25,20171205203358,http://tong.visitkorea.or.kr/cms/resource/14/1892414_image2_1.jpg,http://tong.visitkorea.or.kr/cms/resource/14/1892414_image3_1.jpg,Type3,126.8233371954,36.8907464135,,20230810151523,4,,"삽교호부터 왜목마을까지, 당진 알짜배기 투어",
146,,,3,,C01,C0112,C01120001,1927292,25,20140621005325,,,,127.3924057841,36.3677943249,,20230809135808,3,,삽살개가 마중하고 제주마가 배웅하는 천연기념물센터에서 장태산자연휴양림까지,
147,,,36,,C01,C0112,C01120001,1855425,25,20131102010440,,,,127.9273164135,34.9144684150,,20230810150834,5,,삿갓에 숨겨진 삿갓배미를 찾아라!,
148,,,35,,C01,C0112,C01120001,1977181,25,20141218014115,,,,127.8993852778,36.5756741007,4,20220513173106,9,,상주의 자연과 역사 놀이를 한 번에 즐기기,
149,강원특별자치도 강릉시 강동면 헌화로 990-1,,32,,C01,C0112,C01120001,2672339,25,20200916004846,http://tong.visitkorea.or.kr/cms/resource/49/2654549_image2_1.jpg,http://tong.visitkorea.or.kr/cms/resource/49/2654549_image3_1.jpg,Type3,129.0375504951,37.6871677820,6,20230809090510,1,,"새해, 첫 일출은 정동진에서",25631
150,,,3,,C01,C0112,C01120001,2360837,25,20160111232951,http://tong.visitkorea.or.kr/cms/resource/45/1870845_image2_1.jpg,http://tong.visitkorea.or.kr/cms/resource/45/1870845_image3_1.jpg,Type3,127.3355089264,36.3371579320,6,20230810164148,,,생태환경과 과학으로 꿈꾸는 멋진 도시,
151,,,33,,C01,C0112,C01120001,1959194,25,20141023014253,http://tong.visitkorea.or.kr/cms/resource/71/1851971_image2_1.jpg,http://tong.visitkorea.or.kr/cms/resource/71/1851971_image3_1.jpg,Type3,127.8467173471,37.0808734471,3,20230809112153,11,,생활 속에 녹아든 예술과 자연을 만나다. 충주 민속공예거리 코스,
152,,,34,,C01,C0112,C01120001,2372001,25,20160307231954,http://tong.visitkorea.or.kr/cms/resource/12/187912_image2_1.jpg,http://tong.visitkorea.or.kr/cms/resource/12/187912_image3_1.jpg,Type3,126.5488417988,36.7129010308,6,20230808155021,7,,서산인들이 백제의 ‘미소’로 반겨주는 곳,
153,,,1,,C01,C0112,C01120001,1977713,25,20141219013015,http://tong.visitkorea.or.kr/cms/resource/68/1967068_image2_1.jpg,http://tong.visitkorea.or.kr/cms/resource/68/1967068_image3_1.jpg,Type3,126.8302467593,37.5270728494,4,20230811101724,19,,서울 양천구 서서울호수공원 코스,
154,,,1,,C01,C0112,C01120001,1916658,25,20140428224240,http://tong.visitkorea.or.kr/cms/resource/70/1568170_image2_1.jpg,http://tong.visitkorea.or.kr/cms/resource/70/1568170_image3_1.jpg,Type3,126.9946597403,37.5205154388,5,20230809101945,21,,서울 용산을 중심으로 알차게 하루 즐기기,
155,,,1,,C01,C0112,C01120001,2381373,25,20160429023806,http://tong.visitkorea.or.kr/cms/resource/36/1567936_image2_1.jpg,http://tong.visitkorea.or.kr/cms/resource/36/1567936_image3_1.jpg,Type3,126.9786320464,37.5691483900,6,20230808164747,,,서울시티투어 버스를 이용하면 서울여행이 쉬워진다,
156,,,1,,C01,C0112,C01120001,1914507,25,20140418004858,http://tong.visitkorea.or.kr/cms/resource/52/1545552_image2_1.jpg,http://tong.visitkorea.or.kr/cms/resource/52/1545552_image3_1.jpg,Type3,126.9968658003,37.5936514246,3,20230810112237,17,,"서울의 놀거리, 볼거리를 하루에",
157,,,1,,C01,C0112,C01120001,1889328,25,20140125002527,http://tong.visitkorea.or.kr/cms/resource/15/1356615_image2_1.jpg,http://tong.visitkorea.or.kr/cms/resource/15/1356615_image3_1.jpg,Type3,126.9694943782,37.5554275981,6,20230810095321,24,,서울의 랜드마크를 만나다,
158,,,1,,C01,C0112,C01120001,1920555,25,20140523013204,http://tong.visitkorea.or.kr/cms/resource/93/613093_image2_1.jpg,http://tong.visitkorea.or.kr/cms/resource/93/613093_image3_1.jpg,Type3,127.0427408778,37.5414999760,7,20230811104112,17,,서울의 하이드파크와 전통시장,
159,,,34,,C01,C0112,C01120001,2514074,25,20171106192424,http://tong.visitkorea.or.kr/cms/resource/63/2010763_image2_1.jpg,http://tong.visitkorea.or.kr/cms/resource/63/2010763_image3_1.jpg,Type3,126.6653744482,36.0223406002,,20230809112058,8,,서천 갯벌 매력에 '푸~욱',
160,,,31,,C01,C0112,C01120001,1942793,25,20140822020407,,,,126.7470061547,37.2623520989,4,20230808114909,31,,서해바다 대부도에서 아이랑 같이 놀자,
161,,,34,,C01,C0112,C01120001,1938184,25,20140730234849,http://tong.visitkorea.or.kr/cms/resource/29/1598829_image2_1.jpg,http://tong.visitkorea.or.kr/cms/resource/29/1598829_image3_1.jpg,Type3,126.5097752843,36.3138156874,,20230808143132,5,,서해안 해수욕장을 따라 여행하다,
162,,,34,,C01,C0112,C01120001,1938430,25,20140731223052,http://tong.visitkorea.or.kr/cms/resource/48/212848_image2_1.jpg,http://tong.visitkorea.or.kr/cms/resource/48/212848_image3_1.jpg,Type3,126.8995683606,36.1969357807,3,20230809164239,6,,서해의 농촌마을에서 체험의 하루,
163,,,31,,C01,C0112,C01120001,2364049,25,20160125183054,http://tong.visitkorea.or.kr/cms/resource/25/1049625_image2_1.jpg,http://tong.visitkorea.or.kr/cms/resource/25/1049625_image3_1.jpg,Type3,127.1286678042,38.0703510343,6,20230809101235,21,,선사유적지와 분단의 현장에 발을 딛다.,
164,,,38,,C01,C0112,C01120001,1856948,25,20131109024405,http://tong.visitkorea.or.kr/cms/resource/07/575207_image2_1.jpg,http://tong.visitkorea.or.kr/cms/resource/07/575207_image3_1.jpg,Type3,127.3870554839,35.1317790351,,20220519145939,3,,섬진강을 따라 칙칙폭폭 달려보자!,
165,,,31,,C01,C0112,C01120001,1873245,25,20131218223915,http://tong.visitkorea.or.kr/cms/resource/39/750339_image2_1.jpg,http://tong.visitkorea.or.kr/cms/resource/39/750339_image3_1.jpg,Type3,127.1504495366,37.3803039510,3,20230810152049,12,,성남의 멋과 맛을 찾아가는 식도락여행,
166,,,35,,C01,C0112,C01120001,1949337,25,20140920025400,http://tong.visitkorea.or.kr/cms/resource/22/1401922_image2_1.jpg,http://tong.visitkorea.or.kr/cms/resource/22/1401922_image3_1.jpg,Type3,128.3264042258,35.9287028395,4,20230809101800,10,,성주의 자연과 어우러진 역사여행,
167,,,33,,C01,C0112,C01120001,1887365,25,20140121000807,,,,127.4722188308,36.6445834760,2,20230811103211,10,,세계 최고의 금속활자가 인쇄된 흥덕사지,
168,,,37,,C01,C0112,C01120001,2037718,25,202401181743,http://tong.visitkorea.or.kr/cms/resource/75/2023675_image2_1.jpg,http://tong.visitkorea.or.kr/cms/resource/75/2023675_image3_1.jpg,Type3,126.7044055224,35.4303280891,6,20240118174312,1,,세계 최대 고인돌 왕국,
169,,,4,,C01,C0112,C01120001,2360866,25,20160112010428,http://tong.visitkorea.or.kr/cms/resource/27/1644427_image2_1.jpg,http://tong.visitkorea.or.kr/cms/resource/27/1644427_image3_1.jpg,Type3,128.5931963240,35.8657398703,6,20230811101750,,,세월이 만든 멋과 정취의 도시,
170,,,32,,C01,C0112,C01120001,1853441,25,20131025015939,http://tong.visitkorea.or.kr/cms/resource/08/506408_image2_1.jpg,http://tong.visitkorea.or.kr/cms/resource/08/506408_image3_1.jpg,Type3,128.5716567385,38.2148780491,,20230810111925,5,,속초의 석호에서 만나는 특별한 체험,
171,,,31,,C01,C0112,C01120001,1870100,25,20131212013907,,,,127.0481644404,37.0798813293,7,20230809105219,28,,송탄관광특구에서 즐기는 즐거운 시장체험,
172,,,31,,C01,C0112,C01120001,2363029,25,20160118182054,http://tong.visitkorea.or.kr/cms/resource/18/1589318_image2_1.jpg,http://tong.visitkorea.or.kr/cms/resource/18/1589318_image3_1.jpg,Type3,127.3878990314,37.4218034391,6,20230810163033,5,,수도권 최고의 친환경 청정도시 광주로의 초대,
173,,,34,,C01,C0112,C01120001,2371994,25,20160307221604,http://tong.visitkorea.or.kr/cms/resource/04/1600004_image2_1.jpg,http://tong.visitkorea.or.kr/cms/resource/04/1600004_image3_1.jpg,Type3,127.2160876548,36.3892304165,6,20230809095800,1,,수많은 백제 유물들이 그 빛을 발하는 순간들,
174,,,31,,C01,C0112,C01120001,1887407,25,20140121012629,http://tong.visitkorea.or.kr/cms/resource/82/728982_image2_1.jpg,http://tong.visitkorea.or.kr/cms/resource/82/728982_image3_1.jpg,Type3,127.0000849751,37.2970164622,7,20230811092924,13,,"수원화성의 도시, 수원에서 즐기는 특별한 여행",
175,,,37,,C01,C0112,C01120001,1873996,25,202401181743,http://tong.visitkorea.or.kr/cms/resource/80/1604380_image2_1.jpg,http://tong.visitkorea.or.kr/cms/resource/80/1604380_image3_1.jpg,Type3,127.0555724015,35.3984154483,6,20240118174312,7,,"순창의 맛, 고추장",
176,,,38,,C01,C0112,C01120001,1960683,25,20141029013054,http://tong.visitkorea.or.kr/cms/resource/56/219656_image2_1.jpg,http://tong.visitkorea.or.kr/cms/resource/56/219656_image3_1.jpg,Type3,127.2755630365,35.0021972697,4,20230810162248,11,,순천으로 가는 민속마을 길,
177,,,32,,C01,C0112,C01120001,2357725,25,20161230185307,http://tong.visitkorea.or.kr/cms/resource/19/2020519_image2_1.jpg,http://tong.visitkorea.or.kr/cms/resource/19/2020519_image3_1.jpg,Type3,127.7003064015,38.0964446690,6,20230810111406,17,,"숲과 호수에서 즐기는 산소욕, 더위야 물렀거라",
178,,,38,,C01,C0112,C01120001,1885532,25,20140115222747,http://tong.visitkorea.or.kr/cms/resource/34/1954534_image2_1.jpg,http://tong.visitkorea.or.kr/cms/resource/34/1954534_image3_1.jpg,Type3,126.0983476279,35.0024748307,6,20230809141230,12,,슬로시티 증도여행,
179,,,35,,C01,C0112,C01120001,2384399,25,20160520023513,http://tong.visitkorea.or.kr/cms/resource/98/2382598_image2_1.jpg,http://tong.visitkorea.or.kr/cms/resource/98/2382598_image3_1.jpg,Type3,128.1330261005,36.6535139168,6,20230810151714,7,,승마는 교감이라고 합니다. 말과 함께 느껴보세요.,
180,,,33,,C01,C0112,C01120001,1959188,25,20141023013706,http://tong.visitkorea.or.kr/cms/resource/67/1851967_image2_1.jpg,http://tong.visitkorea.or.kr/cms/resource/67/1851967_image3_1.jpg,Type3,127.8467173471,37.0808734471,4,20230810164924,11,,시간은 강물 따라 흐르고 이야기만 남았네 목계나루의 자취,
181,,,36,,C01,C0112,C01120001,2516048,25,20171118002955,http://tong.visitkorea.or.kr/cms/resource/47/2003147_image2_1.jpg,http://tong.visitkorea.or.kr/cms/resource/47/2003147_image3_1.jpg,Type3,127.6240887269,35.1879851446,,20230809104552,18,,시끌벅적 시장 속으로,
182,,,33,,C01,C0112,C01120001,2381374,25,20160429031424,,,,128.3216147543,36.9451589796,6,20230810110943,2,,"신라, 한강 유역에 진출해 성을 쌓고 비를 세우다",
183,,,35,,C01,C0112,C01120001,1854171,25,20131030002712,http://tong.visitkorea.or.kr/cms/resource/48/1200648_image2_1.jpg,http://tong.visitkorea.or.kr/cms/resource/48/1200648_image3_1.jpg,Type3,129.2286026351,35.8293391766,,20230809102059,2,,신라의 화려한 역사와 문화를 만나다,
184,,,32,,C01,C0112,C01120001,2385664,25,20160528024720,http://tong.visitkorea.or.kr/cms/resource/65/1581365_image2_1.jpg,http://tong.visitkorea.or.kr/cms/resource/65/1581365_image3_1.jpg,Type3,128.8776814918,37.7787651808,6,20230808155908,1,,신사임당과 허난설헌을 낳은 고장 강릉에 가다,
185,,,31,,C01,C0112,C01120001,1869478,25,20131211012555,http://tong.visitkorea.or.kr/cms/resource/46/2689546_image2_1.jpg,http://tong.visitkorea.or.kr/cms/resource/46/2689546_image3_1.jpg,Type3,127.0226166807,37.1825384496,,20230808104157,22,,쌀을 부어 물처럼 보이는 지혜를 만나다,
186,인천광역시 중구 제물량로232번안길 27,(중앙동2가),2,,C01,C0112,C01120001,2722497,25,20210622203011,http://tong.visitkorea.or.kr/cms/resource/32/2657532_image2_1.jpg,http://tong.visitkorea.or.kr/cms/resource/32/2657532_image3_1.jpg,Type3,126.6210062460,37.4729365453,6,20230809112027,10,,쓰라린 아픔을 견뎌내고 문화가 된 역사를 기억하는 여행,22314
187,,,31,,C01,C0112,C01120001,1887672,25,20140122014826,,,,126.9251672440,37.6753822966,4,20230809113031,18,,아기자기한 탐방으로 소소한 기쁨을 누리다,
188,,,36,,C01,C0112,C01120001,2381394,25,20160429191708,http://tong.visitkorea.or.kr/cms/resource/94/1856994_image2_1.jpg,http://tong.visitkorea.or.kr/cms/resource/94/1856994_image3_1.jpg,Type3,128.4029071115,35.2691592651,6,20230809111620,19,,아라가야의 역사를 담은 타임캡슐,
189,,,38,,C01,C0112,C01120001,2049243,25,20151214192440,http://tong.visitkorea.or.kr/cms/resource/01/1992801_image2_1.jpg,http://tong.visitkorea.or.kr/cms/resource/01/1992801_image3_1.jpg,Type3,126.3049729621,34.5716072962,6,20230808165147,21,,아리랑 장단이 흥겨워 ‘아라리요’,
190,,,2,,C01,C0112,C01120001,1977260,25,20141218020724,http://tong.visitkorea.or.kr/cms/resource/26/1930626_image2_1.jpg,http://tong.visitkorea.or.kr/cms/resource/26/1930626_image3_1.jpg,Type3,126.6669944310,37.5470065226,4,20230808113025,7,,아시아경기대회장을 중심으로 가족 체험여행,
191,,,34,,C01,C0112,C01120001,1928021,25,20140625012224,http://tong.visitkorea.or.kr/cms/resource/71/879971_image2_1.jpg,http://tong.visitkorea.or.kr/cms/resource/71/879971_image3_1.jpg,Type3,127.2231623857,36.7834963946,6,20230810151318,12,,아우내 장터에 울려퍼진 역사의 길,
192,,,31,,C01,C0112,C01120001,2515530,25,20171116224855,http://tong.visitkorea.or.kr/cms/resource/26/2042226_image2_1.jpg,http://tong.visitkorea.or.kr/cms/resource/26/2042226_image2_1.jpg,Type3,127.4507474888,37.2763769709,,20230810154924,26,,아이 웃음소리가 끊이지 않는 여행,
193,,,37,,C01,C0112,C01120001,2514463,25,202401181743,http://tong.visitkorea.or.kr/cms/resource/08/2391408_image2_1.jpg,http://tong.visitkorea.or.kr/cms/resource/08/2391408_image2_1.jpg,Type3,126.4504415591,35.4477218554,,20240118174312,1,,아이가 더 좋아하는 오감만족 체험여행,
194,경기도 양평군 서종면 소나기마을길 24,,31,,C01,C0112,C01120001,2674164,25,20200925013506,http://tong.visitkorea.or.kr/cms/resource/62/2601562_image2_1.jpg,http://tong.visitkorea.or.kr/cms/resource/62/2601562_image3_1.jpg,Type3,127.3779366263,37.5950637188,6,20230808143306,19,,아이들과 함께 추억에 잠기는 가을날,12504
195,,,31,,C01,C0112,C01120001,1967424,25,20141125012840,http://tong.visitkorea.or.kr/cms/resource/63/1591163_image2_1.jpg,http://tong.visitkorea.or.kr/cms/resource/63/1591163_image3_1.jpg,Type3,126.9696583507,37.9410160260,5,20231205135602,27,,아이와 함께하는 파주의 체험코스,
196,,,31,,C01,C0112,C01120001,2383728,25,20160514001010,http://tong.visitkorea.or.kr/cms/resource/56/1824356_image2_1.jpg,http://tong.visitkorea.or.kr/cms/resource/56/1824356_image3_1.jpg,Type3,127.1403475214,37.7752106701,6,20230809093312,29,,"아프리카 춤과 노래에 반하고, 호수 둘레길에 매료되다",
197,,,31,,C01,C0112,C01120001,1960309,25,20141028022820,http://tong.visitkorea.or.kr/cms/resource/50/1589650_image2_1.jpg,http://tong.visitkorea.or.kr/cms/resource/50/1589650_image3_1.jpg,Type3,126.6460728100,37.1923695445,4,20230809100256,15,,안산 앞바다에서 하루 즐겁게,
198,,,31,,C01,C0112,C01120001,2363227,25,20160119185204,http://tong.visitkorea.or.kr/cms/resource/90/1806690_image2_1.jpg,http://tong.visitkorea.or.kr/cms/resource/90/1806690_image3_1.jpg,Type3,126.8488469408,37.2608318535,6,20230809144654,15,,안산에서 즐기는 시원스런 전망과 즐거운 체험,
199,,,31,,C01,C0112,C01120001,1942792,25,20140822015749,http://tong.visitkorea.or.kr/cms/resource/49/734449_image2_1.jpg,http://tong.visitkorea.or.kr/cms/resource/49/734449_image3_1.jpg,Type3,126.8336893910,37.3821119671,,20230811093016,15,,안산에서의 즐거운 놀이 체험,
200,,,31,,C01,C0112,C01120001,2012403,25,20150625213847,http://tong.visitkorea.or.kr/cms/resource/83/1796483_image2_1.jpg,http://tong.visitkorea.or.kr/cms/resource/83/1796483_image3_1.jpg,Type3,126.6022649264,37.2199628014,6,20230809091217,15,,"안산으로 떠나는 미술관, 전시관 여행",
201,,,32,,C01,C0112,C01120001,2357566,25,20161230022056,http://tong.visitkorea.or.kr/cms/resource/49/1790449_image2_1.jpg,http://tong.visitkorea.or.kr/cms/resource/49/1790449_image3_1.jpg,Type3,128.9906406041,37.1483483649,6,20230810144220,14,,안전을 체험하다.,
202,,,33,,C01,C0112,C01120001,1854597,25,20131031003030,http://tong.visitkorea.or.kr/cms/resource/81/1201381_image2_1.jpg,http://tong.visitkorea.or.kr/cms/resource/81/1201381_image3_1.jpg,Type3,128.3435139617,37.0005030340,,20230810161759,2,,양방산에 올라 단양을 굽어보다,
203,,,32,,C01,C0112,C01120001,1853829,25,20131026013408,http://tong.visitkorea.or.kr/cms/resource/54/217454_image2_1.jpg,http://tong.visitkorea.or.kr/cms/resource/54/217454_image3_1.jpg,Type3,128.7353257175,38.0210676566,,20230809132255,7,,양양의 7번 국도를 따라가는 바다 여행,
204,,,36,,C01,C0112,C01120001,2519107,25,20171205192212,http://tong.visitkorea.or.kr/cms/resource/71/2389971_image2_1.JPG,http://tong.visitkorea.or.kr/cms/resource/71/2389971_image2_1.JPG,Type3,127.9235756567,35.1060523924,,20230810152117,8,,어촌 마을에서 보내는 여름향기,
205,경상남도 사천시 사남면 공단1로 108,,36,,C01,C0112,C01120001,2515782,25,20171117184822,http://tong.visitkorea.or.kr/cms/resource/72/1611372_image2_1.jpg,http://tong.visitkorea.or.kr/cms/resource/72/1611372_image3_1.jpg,Type3,128.0634782010,35.0709449190,,20230809092646,8,,여기는 꼭! 사천 여행에 빼먹지 말아야 할 코스,52529
206,,,38,,C01,C0112,C01120001,2371903,25,20160304184202,http://tong.visitkorea.or.kr/cms/resource/67/1607867_image2_1.jpg,http://tong.visitkorea.or.kr/cms/resource/67/1607867_image3_1.jpg,Type3,127.7670431134,34.7449679469,6,20230809110048,13,,여수 앞바다와 이순신 유적지를 찾아 떠나는 여행,
207,,,31,,C01,C0112,C01120001,1965837,25,20141119014017,http://tong.visitkorea.or.kr/cms/resource/83/1148983_image2_1.jpg,http://tong.visitkorea.or.kr/cms/resource/83/1148983_image3_1.jpg,Type3,126.8724974231,37.6623384267,4,20230810143314,2,,역사와 예술을 만나다 원당 파주,
208,,,36,,C01,C0112,C01120001,2046337,25,20151208021122,http://tong.visitkorea.or.kr/cms/resource/31/1916731_image2_1.JPG,http://tong.visitkorea.or.kr/cms/resource/31/1916731_image2_1.JPG,Type3,128.3223775787,34.9730105074,6,20230808150154,3,,연둣빛 신록으로 빛나는 숲,
209,,,31,,C01,C0112,C01120001,1887439,25,20140121023130,http://tong.visitkorea.or.kr/cms/resource/06/760306_image2_1.jpg,http://tong.visitkorea.or.kr/cms/resource/06/760306_image3_1.jpg,Type3,126.8043276058,37.4025090784,7,20230808153506,14,,"연을 처음 재배한 고장, 시흥의 명소들을 만나다",
210,,,31,,C01,C0112,C01120001,2514054,25,20171104001801,,,,127.1014232772,38.0635735508,,20230810113901,21,,연천으로 옮겨간 황손의 집,
211,,,35,,C01,C0112,C01120001,1966886,25,20141121013934,http://tong.visitkorea.or.kr/cms/resource/35/201835_image2_1.jpg,http://tong.visitkorea.or.kr/cms/resource/35/201835_image3_1.jpg,Type3,129.3946681300,36.5142119679,4,20230810150808,12,,영덕의 문화유적 코스 2,
212,,,38,,C01,C0112,C01120001,2393478,25,20160716022454,http://tong.visitkorea.or.kr/cms/resource/91/1073391_image2_1.jpg,http://tong.visitkorea.or.kr/cms/resource/91/1073391_image3_1.jpg,Type3,126.6852119282,34.7917082337,6,20230808145704,17,,영암의 명물 기찬랜드와 낙지요리 코스,
213,,,31,,C01,C0112,C01120001,1917267,25,20140501014249,,,,126.6997764523,37.7836406544,7,20231205135638,27,,영어마을 체험마을부터 파주 제대로 즐기기,
214,,,34,,C01,C0112,C01120001,2514424,25,20171107223713,http://tong.visitkorea.or.kr/cms/resource/55/1894055_image2_1.jpg,http://tong.visitkorea.or.kr/cms/resource/55/1894055_image3_1.jpg,Type3,126.8502515936,36.6795628842,,20230810094336,11,,"예산 갈비와 한우, 얼마나 맛있게요?",
215,,,35,,C01,C0112,C01120001,1944444,25,20140827015716,http://tong.visitkorea.or.kr/cms/resource/21/691921_image2_1.jpg,http://tong.visitkorea.or.kr/cms/resource/21/691921_image3_1.jpg,Type3,128.4196080680,36.6814660342,6,20230809091512,16,,예천의 체험장과 마지막 남은 주막에서 막걸리 한잔을...,
216,,,32,,C01,C0112,C01120001,1871380,25,20131217000204,http://tong.visitkorea.or.kr/cms/resource/59/191559_image2_1.jpg,http://tong.visitkorea.or.kr/cms/resource/59/191559_image3_1.jpg,Type3,128.3509753370,37.6257866300,,20230809095316,15,,오감만족 평창 봉평 여행,
217,,,1,,C01,C0112,C01120001,1915719,25,20140424003946,,,,127.0370542189,37.5790788412,7,20230809102500,11,,오래된 시장의 북적임과 들꽃이 가득한 홍릉수목원에서 하루를 보내다,
218,전라남도 나주시 반남면 고분로 747,,38,,C01,C0112,C01120001,2621021,25,20190925003851,http://tong.visitkorea.or.kr/cms/resource/07/2614607_image2_1.jpg,http://tong.visitkorea.or.kr/cms/resource/07/2614607_image2_1.jpg,Type3,126.6590084523,34.9149272587,6,20230809153227,6,,"오랜 역사와 신명나는 축제가 어우러진 여행, 재미 나주!",58301
219,,,31,,C01,C0112,C01120001,2363013,25,20160118174429,http://tong.visitkorea.or.kr/cms/resource/58/1589258_image2_1.jpg,http://tong.visitkorea.or.kr/cms/resource/58/1589258_image3_1.jpg,Type3,126.8390916347,37.6802190812,6,20230808135633,2,,오붓하게 사랑하는 사람들과 함께 고양으로!,
220,경상남도 산청군 금서면 동의보감로555번길 61,,36,,C01,C0112,C01120001,2619919,25,20190919234556,http://tong.visitkorea.or.kr/cms/resource/17/2594917_image2_1.jpg,http://tong.visitkorea.or.kr/cms/resource/17/2594917_image2_1.jpg,Type3,127.8278613869,35.4411434995,6,20230809095206,13,,온 가족이 행복한 진주&산청 여행 코스,52229
221,,,39,,C01,C0112,C01120001,2372025,25,20160308033935,http://tong.visitkorea.or.kr/cms/resource/52/1618752_image2_1.jpg,http://tong.visitkorea.or.kr/cms/resource/52/1618752_image3_1.jpg,Type3,126.3938447260,33.4121657625,,20230811093642,,,온가족이 함께 떠나는 제주 중문단지여행,
222,대구광역시 중구 인교동 59-3,,4,,C01,C0112,C01120001,2778427,25,20211124185227,http://tong.visitkorea.or.kr/cms/resource/88/2681588_image2_1.jpg,http://tong.visitkorea.or.kr/cms/resource/88/2681588_image2_1.jpg,Type3,128.5823637094,35.8742137114,6,20220830165749,8,,온몸으로 즐기는 대구 2박 3일 코스 여행!,
223,,,7,,C01,C0112,C01120001,1889340,25,20140125005043,http://tong.visitkorea.or.kr/cms/resource/23/530623_image2_1.jpg,http://tong.visitkorea.or.kr/cms/resource/23/530623_image3_1.jpg,Type3,129.3605738299,35.3589668021,7,20230809161431,5,,"옹기, 선조의 지혜를 배우다",
224,,,35,,C01,C0112,C01120001,2037712,25,20151104235030,http://tong.visitkorea.or.kr/cms/resource/66/1768966_image2_1.jpg,http://tong.visitkorea.or.kr/cms/resource/66/1768966_image3_1.jpg,Type3,129.1878424395,35.8250694447,6,20230809132454,2,,왕에게 가다,
225,,,31,,C01,C0112,C01120001,1920521,25,20140523010352,http://tong.visitkorea.or.kr/cms/resource/60/1098860_image2_1.jpg,http://tong.visitkorea.or.kr/cms/resource/60/1098860_image3_1.jpg,Type3,127.5753727596,37.5505836095,7,20230809163255,19,,용문산자락에서 즐기는 숲속여행,
226,,,31,,C01,C0112,C01120001,1968939,25,20141129011745,,,,127.1319032319,37.3089591053,6,20230809092528,23,,용인의 신나는 놀이공원 코스,
227,,,38,,C01,C0112,C01120001,1854619,25,20131031013936,http://tong.visitkorea.or.kr/cms/resource/16/1810116_image2_1.jpg,http://tong.visitkorea.or.kr/cms/resource/16/1810116_image3_1.jpg,Type3,126.5018863899,35.1352747771,,20230811104005,22,,용천사 붉은 꽃무릇 보러 갈까?,
228,,,31,,C01,C0112,C01120001,2364055,25,20160125190854,http://tong.visitkorea.or.kr/cms/resource/81/1747581_image2_1.jpg,http://tong.visitkorea.or.kr/cms/resource/81/1747581_image3_1.jpg,Type3,126.9648561104,36.9501420538,6,20230808133050,28,,우리 것의 즐거움을 배우는 곳,
229,,,33,,C01,C0112,C01120001,2389092,25,20160622005300,http://tong.visitkorea.or.kr/cms/resource/10/2014010_image2_1.jpg,http://tong.visitkorea.or.kr/cms/resource/10/2014010_image3_1.jpg,Type3,128.4412777087,36.9910337355,6,20220511151202,2,,우리나라 최초 패러글라이딩 활공장에서 자연을 느끼다. [웰촌],
230,,,33,,C01,C0112,C01120001,2350179,25,20151217223715,http://tong.visitkorea.or.kr/cms/resource/16/1989216_image2_1.jpg,http://tong.visitkorea.or.kr/cms/resource/16/1989216_image3_1.jpg,Type3,126.9782131580,36.6472743968,6,20230808170531,10,,우암산 자락에서 바라보는 청주의 야경,
231,,,38,,C01,C0112,C01120001,1968523,25,20141128005603,http://tong.visitkorea.or.kr/cms/resource/18/948618_image2_1.jpg,http://tong.visitkorea.or.kr/cms/resource/18/948618_image3_1.jpg,Type3,127.5264716326,34.4464749631,6,20230811103425,2,,우주과학 체험여행,
232,,,7,,C01,C0112,C01120001,2394354,25,20160721184829,,,,129.3839750664,35.5389803669,6,20230823181704,,,울산의 자동차 산업관광 코스,
233,,,35,,C01,C0112,C01120001,1960570,25,20141028031127,http://tong.visitkorea.or.kr/cms/resource/42/183242_image2_1.jpg,http://tong.visitkorea.or.kr/cms/resource/42/183242_image3_1.jpg,Type3,129.4126169032,36.9652747589,4,20230808164554,18,,울진 관동팔경에서 아름다운 동해안 해변을 거닐다,
234,,,35,,C01,C0112,C01120001,1960569,25,20141028030515,http://tong.visitkorea.or.kr/cms/resource/10/183310_image2_1.jpg,http://tong.visitkorea.or.kr/cms/resource/10/183310_image3_1.jpg,Type3,129.4206078200,37.0579226471,4,20230809091348,18,,울진 앞바다를 보며 문화와 풍광에 젖어들다,
235,,,32,,C01,C0112,C01120001,1967843,25,20141126003153,http://tong.visitkorea.or.kr/cms/resource/08/754908_image2_1.jpg,http://tong.visitkorea.or.kr/cms/resource/08/754908_image3_1.jpg,Type3,127.9504947193,37.3478140160,4,20230808161700,9,,원주 시내탐방 코스,
236,,,32,,C01,C0112,C01120001,1967853,25,20141126010330,http://tong.visitkorea.or.kr/cms/resource/28/738228_image2_1.jpg,http://tong.visitkorea.or.kr/cms/resource/28/738228_image3_1.jpg,Type3,128.0268771388,37.3334448765,4,20230810103423,9,,원주 치악산을 중심으로 문화탐방길,
237,,,38,,C01,C0112,C01120001,1968150,25,20141127011438,http://tong.visitkorea.or.kr/cms/resource/38/192538_image2_1.jpg,http://tong.visitkorea.or.kr/cms/resource/38/192538_image3_1.jpg,Type3,126.7482502188,34.5878099623,5,20230808165302,1,,월출산과 백련사에서 바라다 보이는 한결같은 정경,
238,,,3,,C01,C0112,C01120001,1978176,25,20141220014207,,,,127.3354889192,36.3580194335,4,20230809112959,4,,유성시장부터 대전의 과학시설물 돌아보기,
239,,,38,,C01,C0112,C01120001,2514179,25,20171106233500,http://tong.visitkorea.or.kr/cms/resource/44/2546944_image2_1.jpg,http://tong.visitkorea.or.kr/cms/resource/44/2546944_image3_1.jpg,Type3,126.9359562918,34.4595857774,,20230810092019,20,,유채꽃 향기 따라 정남진 여행,
240,,,35,,C01,C0112,C01120001,1944358,25,20140827003929,http://tong.visitkorea.or.kr/cms/resource/57/1615057_image2_1.jpg,http://tong.visitkorea.or.kr/cms/resource/57/1615057_image3_1.jpg,Type3,128.7231131204,36.4371162842,2,20230810112055,19,,의성의 사과와인을 맛보고 공룡 유적지 탐방,
241,,,36,,C01,C0112,C01120001,1870729,25,20131213005048,http://tong.visitkorea.or.kr/cms/resource/71/809071_image2_1.jpg,http://tong.visitkorea.or.kr/cms/resource/71/809071_image3_1.jpg,Type3,128.4834880755,34.7793267216,7,20230811141942,17,,이순신 장군의 흔적을 따라가는 여행,
242,,,36,,C01,C0112,C01120001,1855416,25,20131102005425,,,,127.8720260408,34.9442335510,,20230810101423,5,,이충무공과 작별인사를 나누다,
243,,,34,,C01,C0112,C01120001,2519140,25,20171205202659,http://tong.visitkorea.or.kr/cms/resource/89/533689_image2_1.jpg,http://tong.visitkorea.or.kr/cms/resource/89/533689_image3_1.jpg,Type3,126.7855203320,36.8192123350,,20230809142144,4,,인생샷 남기고 추억 남기고,
244,,,2,,C01,C0112,C01120001,1976468,25,20141217015958,http://tong.visitkorea.or.kr/cms/resource/70/1577670_image2_1.jpg,http://tong.visitkorea.or.kr/cms/resource/70/1577670_image3_1.jpg,Type3,126.5978471833,37.4752886414,4,20230808132837,10,,인천 도심을 즐기다,
245,,,2,,C01,C0112,C01120001,1968944,25,20141129012219,http://tong.visitkorea.or.kr/cms/resource/14/1578914_image2_1.jpg,http://tong.visitkorea.or.kr/cms/resource/14/1578914_image3_1.jpg,Type3,126.6906786920,37.4360865012,5,20230809091557,3,,인천의 박물관 코스,
246,,,34,,C01,C0112,C01120001,2514416,25,20171107201211,http://tong.visitkorea.or.kr/cms/resource/40/2633040_image2_1.jpg,http://tong.visitkorea.or.kr/cms/resource/40/2633040_image2_1.jpg,Type3,126.4935201987,36.1379050125,,20230816112750,8,,"일출과 동백꽃, 서천에서 '빨간 여행'",
247,,,32,,C01,C0112,C01120001,2351160,25,20151221202943,http://tong.visitkorea.or.kr/cms/resource/06/2034706_image2_1.jpg,http://tong.visitkorea.or.kr/cms/resource/06/2034706_image3_1.jpg,Type3,127.2865026984,38.1864459168,6,20230811141132,12,,임꺽정이 호령하던 한탄강의 비경,
248,,,35,,C01,C0112,C01120001,1855873,25,20131105235059,http://tong.visitkorea.or.kr/cms/resource/76/1002976_image2_1.jpg,http://tong.visitkorea.or.kr/cms/resource/76/1002976_image3_1.jpg,Type3,128.2604351916,35.7209529503,,20230809092301,3,,잊혀진 대가야를 만나다,
249,,,7,,C01,C0112,C01120001,2390817,25,20160630182920,http://tong.visitkorea.or.kr/cms/resource/97/2020497_image2_1.jpg,http://tong.visitkorea.or.kr/cms/resource/97/2020497_image3_1.jpg,Type3,129.3815095662,35.5052535543,6,20230615202941,2,,자! 떠나자! 울산에 고래 보러!,
250,,,31,,C01,C0112,C01120001,2433924,25,20161011235827,http://tong.visitkorea.or.kr/cms/resource/00/1836000_image2_1.jpg,http://tong.visitkorea.or.kr/cms/resource/00/1836000_image3_1.jpg,Type3,127.3158523761,37.5333836353,6,20230809091249,19,,"자연 속에서 한바탕 펼쳐지는 가을잔치, 양평 (웰촌)",
251,,,33,,C01,C0112,C01120001,1959213,25,20141023021756,,,,127.8640536492,37.0197558048,,20230810170539,11,,자연에서 뛰노는 시간 충주에서 체험하기 코스,
252,,,31,,C01,C0112,C01120001,1997055,25,20150413202024,http://tong.visitkorea.or.kr/cms/resource/70/1589970_image2_1.jpg,http://tong.visitkorea.or.kr/cms/resource/70/1589970_image3_1.jpg,Type3,127.4069621402,37.0949499135,6,20230809093008,23,,자연을 벗삼아 즐기는 체험여행,
253,,,36,,C01,C0112,C01120001,1966900,25,20141121021645,http://tong.visitkorea.or.kr/cms/resource/97/1803897_image2_1.jpg,http://tong.visitkorea.or.kr/cms/resource/97/1803897_image3_1.jpg,Type3,128.4160843757,35.5539107612,4,20230810161612,15,,"자연을 품은 곳, 창녕 우포늪과 의령 한우산",
254,,,38,,C01,C0112,C01120001,1874188,25,20131220014427,http://tong.visitkorea.or.kr/cms/resource/54/1606954_image2_1.jpg,http://tong.visitkorea.or.kr/cms/resource/54/1606954_image3_1.jpg,Type3,126.4161202728,34.8543578500,7,20230808115022,9,,"자연이 준 선물, 백련지와 청정 갯벌",
255,,,32,,C01,C0112,C01120001,2361048,25,20160112200658,http://tong.visitkorea.or.kr/cms/resource/80/1536980_image2_1.jpg,http://tong.visitkorea.or.kr/cms/resource/80/1536980_image3_1.jpg,Type3,128.1283924510,37.2570444772,6,20230816112434,9,,자연이고 예술이고 가는 곳마다 힐링 버스!,
256,,,1,,C01,C0112,C01120001,2390484,25,20160629021530,http://tong.visitkorea.or.kr/cms/resource/63/1567863_image2_1.jpg,http://tong.visitkorea.or.kr/cms/resource/63/1567863_image3_1.jpg,Type3,127.1017973416,37.5158429077,6,20230808103848,18,,잠실 관광특구 코스,
257,,,31,,C01,C0112,C01120001,2390050,25,20160625003358,http://tong.visitkorea.or.kr/cms/resource/51/1592051_image2_1.jpg,http://tong.visitkorea.or.kr/cms/resource/51/1592051_image3_1.jpg,Type3,126.9421861861,37.7360172099,6,20230810170356,18,,장흥에서 즐기는 체험놀이 코스,
258,,,38,,C01,C0112,C01120001,1960310,25,20141028023240,,,,127.4056103599,35.2029685523,,20230810104212,5,,전남 구례 체험하러 가기,
259,,,37,,C01,C0112,C01120001,1960297,25,202401181743,http://tong.visitkorea.or.kr/cms/resource/41/220441_image2_1.jpg,http://tong.visitkorea.or.kr/cms/resource/41/220441_image3_1.jpg,Type3,127.7771924420,35.9024375684,4,20240118174312,5,,전북 무주에서의 하루 보내기,
260,,,37,,C01,C0112,C01120001,1921196,25,202401181743,http://tong.visitkorea.or.kr/cms/resource/44/1603944_image2_1.jpg,http://tong.visitkorea.or.kr/cms/resource/44/1603944_image3_1.jpg,Type3,127.0534614685,35.7227452882,,20240118174312,12,,전주의 고풍을 즐겁게 즐기자!,
261,,,37,,C01,C0112,C01120001,2385661,25,202401181743,http://tong.visitkorea.or.kr/cms/resource/65/1605565_image2_1.jpg,http://tong.visitkorea.or.kr/cms/resource/65/1605565_image3_1.jpg,Type3,127.1588414376,35.8119480802,,20240118174312,12,,전주의 유네스코 보물찾기 코스,
262,,,31,,C01,C0112,C01120001,2037367,25,20151102181734,http://tong.visitkorea.or.kr/cms/resource/98/1583498_image2_1.jpg,http://tong.visitkorea.or.kr/cms/resource/98/1583498_image2_1.jpg,Type3,127.4899618642,37.7144713469,6,20230810105742,1,,젊음의 낭만이 가득한 물의 여정,
263,,,32,,C01,C0112,C01120001,1855143,25,20131101010628,http://tong.visitkorea.or.kr/cms/resource/38/670738_image2_1.jpg,http://tong.visitkorea.or.kr/cms/resource/38/670738_image3_1.jpg,Type3,128.6645128184,37.3804237312,,20230809090857,10,,정선읍내에서 즐기는 오감만족여행,
264,,,37,,C01,C0112,C01120001,1874123,25,202401181743,http://tong.visitkorea.or.kr/cms/resource/57/1605657_image2_1.jpg,http://tong.visitkorea.or.kr/cms/resource/57/1605657_image3_1.jpg,Type3,126.8622689710,35.5519086377,7,20240118174312,13,,정읍여행의 백미를 담다,
265,,,39,,C01,C0112,C01120001,1961043,25,20141031021519,http://tong.visitkorea.or.kr/cms/resource/96/573996_image2_1.jpg,http://tong.visitkorea.or.kr/cms/resource/96/573996_image3_1.jpg,Type3,126.6598791230,33.4488520479,4,20230808153322,4,,제주도 세계자연유산 탐방 3 코스,
266,,,39,,C01,C0112,C01120001,2433992,25,20161012005031,,,,126.6074126880,33.2716041224,6,20230809105534,3,,제주민의 삶과 문화를 느낄 수 있는 ‘어멍아방잔치마을’ (웰촌),
267,,,36,,C01,C0112,C01120001,2357546,25,20161230005308,http://tong.visitkorea.or.kr/cms/resource/62/2020762_image2_1.jpg,http://tong.visitkorea.or.kr/cms/resource/62/2020762_image3_1.jpg,Type3,127.9273164135,34.9144684150,6,20230810092616,5,,"조개 캐고, 쏙 잡고, 맨손 고기잡이까지",
268,,,33,,C01,C0112,C01120001,1854496,25,20131030234237,,,,127.9941242763,36.7637876107,,20230808152617,1,,조령산 자락에서 즐기는 전통한지체험,
269,,,1,,C01,C0112,C01120001,2037723,25,20151105003328,http://tong.visitkorea.or.kr/cms/resource/55/1568355_image2_1.jpg,http://tong.visitkorea.or.kr/cms/resource/55/1568355_image3_1.jpg,Type3,126.9919888278,37.5809583673,6,20230809141359,23,,조선의 왕들이 지극히 아끼던 공간,
270,,,32,,C01,C0112,C01120001,1854623,25,20131031015020,http://tong.visitkorea.or.kr/cms/resource/94/181594_image2_1.jpg,http://tong.visitkorea.or.kr/cms/resource/94/181594_image3_1.jpg,Type3,128.2613154006,37.2979283665,,20230810171229,8,,주천강을 따라 자연의 신비를 느껴보는 여행,
271,,,36,,C01,C0112,C01120001,1870693,25,20131213001114,,,,128.0802763856,35.1897457534,7,20230809161557,13,,진주성을 따라 임진왜란을 생각하다,
272,,,36,,C01,C0112,C01120001,1960689,25,20141029015954,http://tong.visitkorea.or.kr/cms/resource/55/1950055_image2_1.jpg,http://tong.visitkorea.or.kr/cms/resource/55/1950055_image2_1.jpg,Type3,128.0410190787,35.1760243778,4,20230810145007,13,,진주의 축제 코스,
273,,,33,,C01,C0112,C01120001,1938456,25,20140731235324,http://tong.visitkorea.or.kr/cms/resource/82/1329682_image2_1.jpg,http://tong.visitkorea.or.kr/cms/resource/82/1329682_image3_1.jpg,Type3,127.3754526608,36.8402953596,7,20230810155217,8,,진천의 문화유산을 찾아 떠나다,
274,,,32,,C01,C0112,C01120001,1871407,25,20131217003055,http://tong.visitkorea.or.kr/cms/resource/37/1842037_image2_1.jpg,http://tong.visitkorea.or.kr/cms/resource/37/1842037_image3_1.jpg,Type3,127.6966102847,37.6960495263,7,20230808151215,16,,짜릿한 즐거움을 선사하는 가족여행,
275,,,31,,C01,C0112,C01120001,2515733,25,20171117004726,http://tong.visitkorea.or.kr/cms/resource/74/2040874_image2_1.jpg,http://tong.visitkorea.or.kr/cms/resource/74/2040874_image3_1.jpg,Type3,126.7395895205,37.2855798313,,20230809144507,31,,차디찬 겨울을 온 몸으로 맞다,
276,,,31,,C01,C0112,C01120001,2357718,25,20161230181857,http://tong.visitkorea.or.kr/cms/resource/50/2040450_image2_1.jpg,http://tong.visitkorea.or.kr/cms/resource/50/2040450_image3_1.jpg,Type3,126.6866797759,37.7083436435,6,20231205135539,27,,책과 함께하는 특별한 체험여행,
277,,,34,,C01,C0112,C01120001,1936030,25,20140722020903,http://tong.visitkorea.or.kr/cms/resource/10/1784710_image2_1.jpg,http://tong.visitkorea.or.kr/cms/resource/10/1784710_image3_1.jpg,Type3,127.1633176864,36.7867282918,,20230809152516,12,,천안의 볼거리를 찾아 가족여행,
278,,,7,,C01,C0112,C01120001,2360875,25,20160112015106,http://tong.visitkorea.or.kr/cms/resource/45/1588045_image2_1.jpg,http://tong.visitkorea.or.kr/cms/resource/45/1588045_image3_1.jpg,Type3,129.2798871229,35.4328792170,6,20230809104819,,,천혜의 자연 경관과 굵직한 산업시설로 가득한 고래들의 고향,
279,,,36,,C01,C0112,C01120001,1855378,25,20131102000403,http://tong.visitkorea.or.kr/cms/resource/53/750253_image2_1.jpg,http://tong.visitkorea.or.kr/cms/resource/53/750253_image3_1.jpg,Type3,128.9123710205,35.2654161888,,20230811101818,4,,"철기문화의 중심국가, 가야를 만나다",
280,,,1,,C01,C0112,C01120001,1914505,25,20140418003603,http://tong.visitkorea.or.kr/cms/resource/40/1570340_image2_1.jpg,http://tong.visitkorea.or.kr/cms/resource/40/1570340_image3_1.jpg,Type3,126.9786237129,37.5691567219,1,20230808103937,24,,청계천을 돌아 경복궁에서 인사동까지,
281,,,37,,C01,C0112,C01120001,1854234,25,202401181743,http://tong.visitkorea.or.kr/cms/resource/32/1602932_image2_1.jpg,http://tong.visitkorea.or.kr/cms/resource/32/1602932_image3_1.jpg,Type3,126.7044055224,35.4303280891,,20240118174312,1,,청동기 시대로 떠나는 여행,
282,,,38,,C01,C0112,C01120001,2047099,25,20151208202745,http://tong.visitkorea.or.kr/cms/resource/20/1933620_image2_1.jpg,http://tong.visitkorea.or.kr/cms/resource/20/1933620_image3_1.jpg,Type3,127.0856564027,34.7129404441,6,20230809091118,10,,청량한 남도의 숲,
283,,,36,,C01,C0112,C01120001,1960690,25,20141029020732,http://tong.visitkorea.or.kr/cms/resource/19/1292219_image2_1.jpg,http://tong.visitkorea.or.kr/cms/resource/19/1292219_image3_1.jpg,Type3,127.8943963083,34.7279803963,4,20230810170252,5,,청정 남해안의 비경을 찾아서,
284,,,33,,C01,C0112,C01120001,1939810,25,20140808005038,,,,127.6689127953,36.6270556960,7,20230810162344,10,,청주의 자연에서 배우면서 뒹굴자,
285,,,33,,C01,C0112,C01120001,2514445,25,20171107225932,,,,127.9938354110,36.7638570419,,20230810154739,1,,청풍명월의 고장에서 빚어낸 명물,
286,,,36,,C01,C0112,C01120001,2037488,25,20151103181317,http://tong.visitkorea.or.kr/cms/resource/49/1757949_image2_1.JPG,http://tong.visitkorea.or.kr/cms/resource/49/1757949_image2_1.JPG,Type3,128.4182316644,35.5445368581,6,20230810105949,15,,최고 수온 78도씨 피부 질환에 좋은 유황 성분 가득,
287,,,34,,C01,C0112,C01120001,1892511,25,20140211003017,http://tong.visitkorea.or.kr/cms/resource/29/1449529_image2_1.jpg,http://tong.visitkorea.or.kr/cms/resource/29/1449529_image3_1.jpg,Type3,126.4710062376,36.5379837190,7,20230810105342,,,충남 해안으로 떠나는 겨울 맛 기행,
288,,,33,,C01,C0112,C01120001,1960416,25,20141028025308,http://tong.visitkorea.or.kr/cms/resource/22/689422_image2_1.jpg,http://tong.visitkorea.or.kr/cms/resource/22/689422_image3_1.jpg,Type3,128.3411255713,36.8951234215,4,20230809093807,2,,충북 단양 팔경을 찾아 떠나요,
289,,,33,,C01,C0112,C01120001,2372022,25,20160308030105,http://tong.visitkorea.or.kr/cms/resource/19/2370719_image2_1.jpg,http://tong.visitkorea.or.kr/cms/resource/19/2370719_image3_1.jpg,Type3,127.8484877920,37.0403753668,6,20230811101924,11,,충주호 푸른 물결 위로 달리는 ‘이야기’,
290,,,38,,C01,C0112,C01120001,1874752,25,20131220230056,,,,127.3397958986,34.9070951762,7,20230808151848,11,,타임머신 타고 떠나는 순천,
291,,,31,,C01,C0112,C01120001,1917178,25,20140501002603,http://tong.visitkorea.or.kr/cms/resource/32/1510932_image2_1.JPG,http://tong.visitkorea.or.kr/cms/resource/32/1510932_image2_1.JPG,Type3,126.7075252026,37.7043750321,,20231205135700,27,,타조와 동식물을 모두 체험할 수 있는 코스,
292,,,35,,C01,C0112,C01120001,1854229,25,20131030013418,http://tong.visitkorea.or.kr/cms/resource/61/179561_image2_1.jpg,http://tong.visitkorea.or.kr/cms/resource/61/179561_image3_1.jpg,Type3,129.1923942418,35.8453339098,,20230808150936,2,,통일신라의 주역이 잠들어 있는 곳,
293,,,31,,C01,C0112,C01120001,1874877,25,20131221000711,http://tong.visitkorea.or.kr/cms/resource/47/755147_image2_1.jpg,http://tong.visitkorea.or.kr/cms/resource/47/755147_image3_1.jpg,Type3,126.5940758788,37.7532645413,7,20230810092807,8,,통일을 꿈꾸는 김포 문화역사 탐방,
294,,,33,,C01,C0112,C01120001,1938434,25,20140731224201,http://tong.visitkorea.or.kr/cms/resource/87/1080787_image2_1.jpg,http://tong.visitkorea.or.kr/cms/resource/87/1080787_image3_1.jpg,Type3,127.6494764956,37.0906853675,3,20230809105605,6,,특별한 테마 가득한 이색 체험여행,
295,,,31,,C01,C0112,C01120001,1917198,25,20140501003254,http://tong.visitkorea.or.kr/cms/resource/38/1913938_image2_1.jpg,http://tong.visitkorea.or.kr/cms/resource/38/1913938_image3_1.jpg,Type3,126.7240264800,37.8023472378,,20230816111755,27,,파주에서 즐길 수 있을 만한 좋은 여행,
296,,,32,,C01,C0112,C01120001,2037407,25,20151103000418,http://tong.visitkorea.or.kr/cms/resource/85/1536885_image2_1.jpg,http://tong.visitkorea.or.kr/cms/resource/85/1536885_image3_1.jpg,Type3,128.1288146345,37.2570722597,6,20230810114059,9,,판화의 오묘한 세상 속으로 들다.,
297,울산광역시 동구 봉수로 155-1,(방어동),7,,C01,C0112,C01120001,2628044,25,20191022003854,http://tong.visitkorea.or.kr/cms/resource/18/2563118_image2_1.jpg,http://tong.visitkorea.or.kr/cms/resource/18/2563118_image3_1.jpg,Type3,129.4062491748,35.5017849664,,20230615203322,3,,"푸른 바다를 벗삼아 걷는 낭만 여행길, 울산",44022
298,,,36,,C01,C0112,C01120001,2364085,25,20160125220332,http://tong.visitkorea.or.kr/cms/resource/96/1593396_image2_1.jpg,http://tong.visitkorea.or.kr/cms/resource/96/1593396_image3_1.jpg,Type3,128.6906371891,34.8669317677,6,20230811141456,1,,푸른 바다에 펼쳐진 거제 해상 역사를 찾아,
299,,,37,,C01,C0112,C01120001,1854239,25,202401181743,http://tong.visitkorea.or.kr/cms/resource/44/196644_image2_1.jpg,http://tong.visitkorea.or.kr/cms/resource/44/196644_image3_1.jpg,Type3,126.5574077754,35.4183853069,,20240118174312,1,,"푸른 보리밭, 하얀 메밀꽃의 바다에 빠지다",
300,,,38,,C01,C0112,C01120001,1854614,25,20131031011934,http://tong.visitkorea.or.kr/cms/resource/23/217023_image2_1.jpg,http://tong.visitkorea.or.kr/cms/resource/23/217023_image3_1.jpg,Type3,126.6629339388,34.9941517253,,20230809092934,6,,푸른 하늘 아래서 즐기는 천연염색체험,
301,경상북도 의성군 의성읍 충효로 88,,35,,C01,C0112,C01120001,2631871,25,20191031001458,,,,128.7028506025,36.3551113547,6,20230809105336,19,,풍경&역사&체험을 모두 즐기자! 활력 넘치는 의성 여행,37331
302,,,38,,C01,C0112,C01120001,1968147,25,20141127010734,http://tong.visitkorea.or.kr/cms/resource/23/220623_image2_1.jpg,http://tong.visitkorea.or.kr/cms/resource/23/220623_image3_1.jpg,Type3,126.8217239573,34.7166939361,6,20230809090946,1,,하멜의 표류기에 등장하는 강진 병영성과 바다낚시 여행,
303,,,38,,C01,C0112,C01120001,1856920,25,20131109011738,http://tong.visitkorea.or.kr/cms/resource/23/220623_image2_1.jpg,http://tong.visitkorea.or.kr/cms/resource/23/220623_image3_1.jpg,Type3,126.8217239573,34.7166939361,,20230808161524,1,,하멜표류기의 흔적을 만나다,
304,,,32,,C01,C0112,C01120001,2384908,25,20160524030040,http://tong.visitkorea.or.kr/cms/resource/26/2033326_image2_1.jpg,http://tong.visitkorea.or.kr/cms/resource/26/2033326_image3_1.jpg,Type3,128.0498675732,37.3995043418,6,20230810111553,9,,학곡마을 섬강매향골칠봉마을 가족여행 [웰촌],
305,,,35,,C01,C0112,C01120001,1968949,25,20141129013654,,,,128.6694767924,36.6095706030,6,20230809162111,11,,"한국독립운동의 성지! 안동, 안동독립운동사 51년을 걷다",
306,,,36,,C01,C0112,C01120001,1853967,25,20131029013600,http://tong.visitkorea.or.kr/cms/resource/55/213055_image2_1.jpg,http://tong.visitkorea.or.kr/cms/resource/55/213055_image3_1.jpg,Type3,128.6247343647,34.8753240850,,20230809101607,1,,한국전쟁의 상흔을 느껴보는 여행,
307,,,32,,C01,C0112,C01120001,1855157,25,20131101012638,http://tong.visitkorea.or.kr/cms/resource/41/657141_image2_1.jpg,http://tong.visitkorea.or.kr/cms/resource/41/657141_image3_1.jpg,Type3,127.2876942645,38.1861404189,,20230808153135,12,,한국전쟁의 상흔을 어루만지다,
308,,,36,,C01,C0112,C01120001,1870727,25,20131213004257,http://tong.visitkorea.or.kr/cms/resource/41/751241_image2_1.jpg,http://tong.visitkorea.or.kr/cms/resource/41/751241_image3_1.jpg,Type3,128.5498196639,34.6258866951,8,20230810151434,17,,한려해상 국립공원의 풍경을 담다,
309,,,36,,C01,C0112,C01120001,2364134,25,20160126022452,http://tong.visitkorea.or.kr/cms/resource/54/892854_image2_1.jpg,http://tong.visitkorea.or.kr/cms/resource/54/892854_image3_1.jpg,Type3,127.9364784516,35.2741948084,6,20230808110707,9,,한방약초와 동의보감의 고장 산청에서 힐링을!,
310,,,33,,C01,C0112,C01120001,1945189,25,20140829015512,,,,127.6693817572,36.3414272868,,20230808131324,5,,한적한 호반 풍경을 만나다,
311,,,38,,C01,C0112,C01120001,1854617,25,20131031013214,http://tong.visitkorea.or.kr/cms/resource/54/1809854_image2_1.jpg,http://tong.visitkorea.or.kr/cms/resource/54/1809854_image3_1.jpg,Type3,126.5933169191,35.0329600762,,20230809162912,22,,함평 바다에서 즐기는 특별한 체험,
312,,,38,,C01,C0112,C01120001,1960308,25,20141028022006,http://tong.visitkorea.or.kr/cms/resource/49/1929649_image2_1.jpg,http://tong.visitkorea.or.kr/cms/resource/49/1929649_image3_1.jpg,Type3,126.6225204875,34.5512564337,6,20230809101200,23,,해남 땅끝에서 1박 2일 코스,
313,,,31,,C01,C0112,C01120001,2012402,25,20150625202021,http://tong.visitkorea.or.kr/cms/resource/43/1589643_image2_1.jpg,http://tong.visitkorea.or.kr/cms/resource/43/1589643_image3_1.jpg,Type3,126.8343725556,37.2860814488,6,20230809134342,15,,"해양과학 체험부터 어촌 체험까지, 바다를 만나는 체험여행",
314,,,36,,C01,C0112,C01120001,1870766,25,20131213012919,http://tong.visitkorea.or.kr/cms/resource/81/214181_image2_1.jpg,http://tong.visitkorea.or.kr/cms/resource/81/214181_image3_1.jpg,Type3,128.0987583760,35.8016047815,7,20230811103846,21,,해인사와 팔만대장경을 만나는 여행,
315,,,31,,C01,C0112,C01120001,2515724,25,20171116235802,http://tong.visitkorea.or.kr/cms/resource/56/1593656_image2_1.jpg,http://tong.visitkorea.or.kr/cms/resource/56/1593656_image3_1.jpg,Type3,127.0056007429,37.2117653201,,20230809135930,31,,향토유적 따라 가을 속으로,
316,,,35,,C01,C0112,C01120001,2519113,25,20171205192806,,,,128.0606357668,36.5401700007,,20230809161751,9,,호국의 성지에서 애국정신을 새기다,
317,,,35,,C01,C0112,C01120001,1875636,25,20131224021234,http://tong.visitkorea.or.kr/cms/resource/66/682366_image2_1.jpg,http://tong.visitkorea.or.kr/cms/resource/66/682366_image3_1.jpg,Type3,129.3831286757,35.9987340867,5,20230810150535,23,,호랑이 꼬리 따라 달려볼까?,
318,,,35,,C01,C0112,C01120001,1853978,25,20131029020957,http://tong.visitkorea.or.kr/cms/resource/90/1075590_image2_1.jpg,http://tong.visitkorea.or.kr/cms/resource/90/1075590_image3_1.jpg,Type3,129.2549232252,35.9998815182,,20230808161249,2,,회재 이언적 선생의 자취를 찾아서,
319,,,38,,C01,C0112,C01120001,2380928,25,20160427212401,http://tong.visitkorea.or.kr/cms/resource/69/2012369_image2_1.jpg,http://tong.visitkorea.or.kr/cms/resource/69/2012369_image3_1.jpg,Type3,127.4394637689,34.6214289206,6,20230808130335,2,,휴(休)가 있는 천혜자연경관과 전통한옥체험 [웰촌],
320,,,36,,C01,C0112,C01120001,1870718,25,20131213002112,http://tong.visitkorea.or.kr/cms/resource/99/1204599_image2_1.jpg,http://tong.visitkorea.or.kr/cms/resource/99/1204599_image3_1.jpg,Type3,128.5021910566,35.5408804651,5,20230809162000,15,,"1,500년 전 가야시대 소녀를 만나러 가다",
321,,,34,,C01,C0112,C01120001,2358072,25,20161231224924,http://tong.visitkorea.or.kr/cms/resource/00/2025300_image2_1.JPG,http://tong.visitkorea.or.kr/cms/resource/00/2025300_image2_1.JPG,Type3,126.6042685029,36.7734922271,6,20230810144426,7,,300년의 시간을 오감으로 느끼는 하룻밤,
322,,,32,,C01,C0112,C01120001,1871389,25,20131217001227,http://tong.visitkorea.or.kr/cms/resource/92/1179692_image2_1.jpg,http://tong.visitkorea.or.kr/cms/resource/92/1179692_image3_1.jpg,Type3,128.6950317854,37.7628495871,6,20230809163221,15,,365일 색다른 재미가 넘치는 대관령,
323,,,35,,C01,C0112,C01120001,2048650,25,20151211181805,http://tong.visitkorea.or.kr/cms/resource/98/1949198_image2_1.jpg,http://tong.visitkorea.or.kr/cms/resource/98/1949198_image3_1.jpg,Type3,128.5549628011,36.5808745081,6,20230809104628,11,,800년을 이어온 신명 나는 탈판,
324,,,31,,C01,C0112,C01120001,2384830,25,20160524022206,http://tong.visitkorea.or.kr/cms/resource/15/1954915_image2_1.jpg,http://tong.visitkorea.or.kr/cms/resource/15/1954915_image3_1.jpg,Type3,126.7297843803,37.8967890978,6,20231205135500,27,,'태양의 후예' 촬영지 여행 코스,
325,,,32,,C01,C0112,C01120001,2514924,25,20171113193058,,,,128.4166336872,38.5144234240,6,20230809151102,2,,(고성) 북녘땅과 마주한 DMZ 여행,
326,강원특별자치도 고성군 죽왕면 왕곡마을길 35,,32,,C01,C0112,C01120001,2514959,25,20171113225339,http://tong.visitkorea.or.kr/cms/resource/16/175016_image2_1.jpg,http://tong.visitkorea.or.kr/cms/resource/16/175016_image3_1.jpg,Type3,128.5001537656,38.3402259423,6,20230712162129,2,,"(고성) 숨은 영화 촬영지가 궁금할 때, 고성 무비 로드",24746
327,,,32,,C01,C0112,C01120001,2514914,25,20171113191431,,,,128.5151452860,38.2123689107,,20230811092650,2,,"(고성) 옛것과 예술의 조우, 문화 산책",
328,,,32,,C01,C0112,C01120001,2514964,25,20171113232438,http://tong.visitkorea.or.kr/cms/resource/13/1581413_image2_1.jpg,http://tong.visitkorea.or.kr/cms/resource/13/1581413_image3_1.jpg,Type3,128.5340070595,38.3140490973,,20230808135350,2,,"(고성) 타박타박 해파랑길 걸으며, 별미 여행",
329,,,33,,C01,C0112,C01120001,1928379,25,20140625223956,,,,128.2163379259,37.1413372327,,20230810162528,7,,[관광두레] 민화이야기와 약초향기 가득한 체험여행,
330,,,31,,C01,C0112,C01120001,1928391,25,20140625230835,,,,127.3925642288,37.4583270696,,20230808152001,19,,[관광두레] 엄마! 양평가?!,
331,,,33,,C01,C0112,C01120001,1928381,25,20140625224502,http://tong.visitkorea.or.kr/cms/resource/33/1927233_image2_1.jpg,http://tong.visitkorea.or.kr/cms/resource/33/1927233_image2_1.jpg,Type3,128.1767058371,37.0298437654,,20230809092020,7,,[관광두레] 우리는 노는 물이 다르다! 청풍호 여행,
332,,,35,,C01,C0112,C01120001,1928383,25,20140625225437,http://tong.visitkorea.or.kr/cms/resource/46/1927046_image2_1.jpg,http://tong.visitkorea.or.kr/cms/resource/46/1927046_image2_1.jpg,Type3,129.0393381666,36.5231346899,,20230808150518,21,,"[관광두레] 푸른 소나무 따라 슬로우, 슬로우 떠나는 여행",
333,,,33,,C01,C0112,C01120001,2372021,25,20160308023510,http://tong.visitkorea.or.kr/cms/resource/23/1989223_image2_1.jpg,http://tong.visitkorea.or.kr/cms/resource/23/1989223_image3_1.jpg,Type3,127.4715077984,36.6440501911,6,20230809102136,10,,‘직지’의 고장이자 쉼과 여유의 휴양지,
334,,,36,,C01,C0112,C01120001,2402735,25,20160818234731,http://tong.visitkorea.or.kr/cms/resource/59/1609959_image2_1.jpg,http://tong.visitkorea.or.kr/cms/resource/59/1609959_image3_1.jpg,Type3,128.5958763760,34.8522233697,6,20230811104314,1,,“해금강이 전부인 줄 알았지?”...거제에서 배우는 역사,
