,name,addr1,cat1,cat2,cat3,힐링_int,혼자_int,자연_int,액티비티_int,province,city
0,(주)데일리랜드,강원특별자치도 춘천시 동산면 윗성골길 36,A03,A0302,A03021700,1,0,1,0,강원특별자치도,춘천시
1,F1 오토캠핑장,전라남도 영암군 삼호읍 삼포리 1894,A03,A0302,A03021700,0,0,0,1,전라남도,영암군
2,GS25 뉴한강세빛섬점,서울특별시 서초구 반포동 650,A03,A0302,A03022600,0,0,1,0,서울특별시,서초구
3,NFC(축구 국가대표팀 트레이닝 센터),경기도 파주시 탄현면 필승로 368,A03,A0302,A03020300,0,0,0,0,경기도,파주시
4,SRC재활체육관 광주,경기도 광주시 초월읍 경수길 25,A03,A0302,A03020200,1,0,0,1,경기도,광주시
5,W홀스랜드,경기도 가평군 상면 물골길 391,A03,A0302,A03021100,0,0,0,0,경기도,가평군
6,YELLOW HILL,강원특별자치도 춘천시 동산면 종자리로 224-24,A03,A0302,A03021700,0,0,0,1,강원특별자치도,춘천시
7,[강릉 바우길 3구간] 어명을 받은 소나무길,강원특별자치도 강릉시 성산면 보광리,A03,A0302,A03022700,0,0,0,0,강원특별자치도,강릉시
8,[강릉 바우길 8구간] 산우에 바닷길,강원특별자치도 강릉시 강동면 안인진리,A03,A0302,A03022700,0,0,0,0,강원특별자치도,강릉시
9,[구리 둘레길 1코스] 역사와 자연이 살아있는 구리 둘레길,경기도 구리시 장자호수공원,A03,A0302,A03022700,0,0,0,0,경기도,구리시
10,[대구올레 팔공산 2코스] 한실골 가는 길,대구광역시 동구 신숭겸길 17,A03,A0302,A03022700,1,0,0,1,대구광역시,동구
11,[대구올레 팔공산 6코스] 단산지 가는 길,대구광역시 수성구 불로동,A03,A0302,A03022700,0,0,0,0,대구광역시,수성구
12,[무등산 옛길 2구간] 원효사~서석대,광주광역시 북구 무등로 1514-35,A03,A0302,A03022700,1,0,0,0,광주광역시,북구
13,[변산 마실길 1코스] 조개미 패총길,전북특별자치도 부안군 변산면,A03,A0302,A03022700,1,0,1,0,전북특별자치도,부안군
14,[변산 마실길 2코스] 노루목 상사화길,전북특별자치도 부안군 변산면,A03,A0302,A03022700,0,0,1,0,전북특별자치도,부안군
15,[북한산 둘레길] 1 소나무숲길,서울특별시 강북구 삼양로173길 12,A03,A0302,A03022700,1,0,1,1,서울특별시,강북구
16,[북한산 둘레길] 10 내시묘역길,서울특별시 은평구 진관동,A03,A0302,A03022700,1,0,1,0,서울특별시,은평구
17,[북한산 둘레길] 12 충의길,경기도 고양시 덕양구 지축동,A03,A0302,A03022700,1,0,1,0,경기도,고양시
18,[북한산 둘레길] 2 순례길,서울특별시 강북구 우이동,A03,A0302,A03022700,1,0,1,1,서울특별시,강북구
19,[북한산 둘레길] 21 우이령길,경기도 양주시 장흥면 교현리,A03,A0302,A03022700,1,0,1,0,경기도,양주시
20,[북한산 둘레길] 3 흰구름길,서울특별시 강북구 수유동,A03,A0302,A03022700,1,0,1,1,서울특별시,강북구
21,[북한산 둘레길] 4 솔샘길,서울특별시 성북구 솔샘로25길 121-50,A03,A0302,A03022700,1,0,1,0,서울특별시,성북구
22,[북한산 둘레길] 5 명상길,서울특별시 성북구 정릉4동,A03,A0302,A03022700,0,0,0,0,서울특별시,성북구
23,[북한산 둘레길] 7 옛성길,서울특별시 종로구 구기동,A03,A0302,A03022700,1,0,1,0,서울특별시,종로구
24,[북한산 둘레길] 8 구름정원길,서울특별시 은평구 불광동,A03,A0302,A03022700,1,1,1,1,서울특별시,은평구
25,[북한산 둘레길] 9 마실길,서울특별시 은평구 진관동,A03,A0302,A03022700,1,0,1,0,서울특별시,은평구
26,[서울둘레길 1코스] 수락·불암산코스,서울특별시 노원구 중계동,A03,A0302,A03022700,0,0,0,0,서울특별시,노원구
27,[서울둘레길 2코스] 용마·아차산코스,서울특별시 노원구 화랑로 지하 510,A03,A0302,A03022700,0,0,0,0,서울특별시,노원구
28,[서울둘레길 4코스] 대모·우면산코스,서울특별시 강남구 광평로 지하 270,A03,A0302,A03022700,0,1,0,1,서울특별시,강남구
29,[서울둘레길 5코스] 관악산코스,서울특별시 관악구 과천대로 941,A03,A0302,A03022700,1,0,0,0,서울특별시,관악구
30,[서울둘레길 6코스] 안양천코스,경기도 안양시 만안구 경수대로 1431,A03,A0302,A03022700,0,0,0,0,경기도,안양시
31,[서울둘레길 7코스] 봉산·앵봉산코스,서울특별시 강서구 양천로 497,A03,A0302,A03022700,0,0,0,0,서울특별시,강서구
32,[서울둘레길 8코스] 북한산코스,서울특별시 은평구 진관2로 지하15-25 (진관동),A03,A0302,A03022700,0,0,0,0,서울특별시,은평구
33,[제주올레 1-1코스] 우도-올레,제주특별자치도 제주시 우도면 연평리 1737-1,A03,A0302,A03022700,0,0,0,0,제주특별자치도,제주시
34,[제주올레 10-1코스] 가파도 올레,제주특별자치도 서귀포시 대정읍 가파로 243,A03,A0302,A03022700,0,0,0,1,제주특별자치도,서귀포시
35,[제주올레 10코스] 화순-모슬포 올레,제주특별자치도 서귀포시 안덕면 화순해안로 85,A03,A0302,A03022700,1,0,1,0,제주특별자치도,서귀포시
36,[제주올레 11코스] 모슬포-무릉 올레,제주특별자치도 서귀포시 대정읍 하모리 2140,A03,A0302,A03022700,1,0,0,0,제주특별자치도,서귀포시
37,[제주올레 12코스] 무릉-용수 올레,제주특별자치도 서귀포시 중산간서로 2852,A03,A0302,A03022700,1,0,1,0,제주특별자치도,서귀포시
38,[제주올레 13코스] 용수-저지 올레,제주특별자치도 제주시 한경면 용수리 4241-7,A03,A0302,A03022700,0,0,0,0,제주특별자치도,제주시
39,[제주올레 14코스] 저지-한림 올레,제주특별자치도 제주시 한경면 저지리 1851-5,A03,A0302,A03022700,1,0,1,0,제주특별자치도,제주시
40,[제주올레 16코스] 고내-광령 올레,제주특별자치도 제주시 애월읍 고내리 1111-2,A03,A0302,A03022700,1,0,1,0,제주특별자치도,제주시
41,[제주올레 19코스] 조천-김녕 올레,제주특별자치도 제주시 조천읍 조천리 1209-1,A03,A0302,A03022700,0,0,0,0,제주특별자치도,제주시
42,[제주올레 1코스] 시흥-광치기 올레,제주특별자치도 서귀포시 성산읍 시흥상동로 113,A03,A0302,A03022700,0,0,0,0,제주특별자치도,서귀포시
43,[제주올레 20코스] 김녕-하도 올레,제주특별자치도 제주시 구좌읍 김녕리 4069,A03,A0302,A03022700,0,0,0,0,제주특별자치도,제주시
44,[제주올레 2코스] 광치기-온평 올레,제주특별자치도 서귀포시 성산읍 고성리 224-33,A03,A0302,A03022700,0,0,1,0,제주특별자치도,서귀포시
45,[제주올레 4코스] 표선-남원 올레,제주특별자치도 서귀포시 표선면 민속해안로 594,A03,A0302,A03022700,1,0,1,0,제주특별자치도,서귀포시
46,[제주올레 8코스] 월평-대평 올레,제주특별자치도 서귀포시 월평동 741-3,A03,A0302,A03022700,1,0,1,0,제주특별자치도,서귀포시
47,[제주올레 9코스] 대평-화순 올레,제주특별자치도 서귀포시 안덕면 감산리 982-3,A03,A0302,A03022700,0,0,0,0,제주특별자치도,서귀포시
48,[증도 모실길 1코스] 천년의 숲길,전라남도 신안군 증도면,A03,A0302,A03022700,0,0,0,0,전라남도,신안군
49,[증도 모실길 2코스] 갯벌공원길,전라남도 신안군 증도면,A03,A0302,A03022700,0,0,0,0,전라남도,신안군
50,[증도 모실길 3코스] 천일염길,전라남도 신안군 증도면,A03,A0302,A03022700,0,0,0,0,전라남도,신안군
51,[지리산 둘레길 코스] 주천~운봉,전북특별자치도 남원시 주천면 외평2길 5,A03,A0302,A03022700,0,0,0,0,전북특별자치도,남원시
52,[충효길코스 1코스] 고구동산길,서울특별시 동작구 상도로53길 70,A03,A0302,A03022700,0,0,0,0,서울특별시,동작구
53,가반나야영장,경상남도 남해군 서부로 892-9,A03,A0302,A03021700,0,0,0,0,경상남도,남해군
54,가산산성마을 캠핑장,경상북도 칠곡군 가산로 891,A03,A0302,A03021700,0,0,0,0,경상북도,칠곡군
55,가평TOP랜드 번지점프,경기도 가평군 가평읍 북한강변로 1044-15,A03,A0302,A03022400,0,0,1,0,경기도,가평군
56,가평레져카트장,경기도 가평군 상면 수목원로 40,A03,A0302,A03020600,0,0,0,0,경기도,가평군
57,가평무릉도원캠핑장,경기도 가평군 상면 임초밤안골로 207,A03,A0302,A03021700,0,0,0,0,경기도,가평군
58,가평사계절썰매장,경기도 가평군 상면 깃대봉길 5-20,A03,A0302,A03021400,0,0,0,0,경기도,가평군
59,가평황토은글램핑,경기도 가평군 설악면 장수로79번길 63-18,A03,A0302,A03021700,0,0,0,0,경기도,가평군
60,갈기산펜션캠핑장,경기도 양평군 청운면 신론새터길 23,A03,A0302,A03021700,1,0,1,0,경기도,양평군
61,감귤카트,제주특별자치도 서귀포시 중문관광로 42 (색달동),A03,A0302,A03020600,0,0,1,0,제주특별자치도,서귀포시
62,강릉컬링센터 (강릉실내빙상장),강원특별자치도 강릉시 종합운동장길 32,A03,A0302,A03021300,0,0,0,1,강원특별자치도,강릉시
63,강산에레포츠,충청북도 단양군 영춘면 북벽길 51-16,A03,A0302,A03022100,0,0,0,1,충청북도,단양군
64,강서청소년회관,서울특별시 강서구 공항대로42길 23-19,A03,A0302,A03020200,0,0,0,1,서울특별시,강서구
65,강촌레일파크경강레일바이크,강원특별자치도 춘천시 남산면 서백길 57,A03,A0302,A03022700,0,0,1,1,강원특별자치도,춘천시
66,강화도산들애캠핑수영장,인천광역시 강화군 강화읍 고비고개로 171,A03,A0302,A03021700,0,0,1,1,인천광역시,강화군
67,거제오션뷰카트체험장,경상남도 거제시 일운면 거제대로 1514-18,A03,A0302,A03020600,0,0,0,0,경상남도,거제시
68,검단산숲에 캠핑장,경기도 하남시 검단산로146번길 80,A03,A0302,A03021700,1,0,0,0,경기도,하남시
69,경인아라뱃길 아라파크웨이마당,인천광역시 계양구 정서진로 1559,A03,A0302,A03020500,0,0,0,1,인천광역시,계양구
70,경주보문실탄사격장,경상북도 경주시 보문로 424-11,A03,A0302,A03021600,0,0,0,0,경상북도,경주시
71,경천대랜드 눈썰매장,경상북도 상주시 사벌면 경천로 652-18,A03,A0302,A03021400,0,0,1,0,경상북도,상주시
72,계족산 황톳길,대전광역시 대덕구 장동 산85,A03,A0302,A03022700,0,0,0,0,대전광역시,대덕구
73,고고랜드 남양주점,경기도 남양주시 평내동,A03,A0302,A03020400,0,0,1,1,경기도,남양주시
74,곤지암리조트 스키장,경기도 광주시 도척면 도척윗로 278,A03,A0302,A03021200,0,0,1,1,경기도,광주시
75,골든쌔들승마클럽,경기도 양평군 용문면 다문리,A03,A0302,A03021100,0,0,0,1,경기도,양평군
76,골체오름캠핑,제주특별자치도 제주시 조천읍 번영로 1648-41,A03,A0302,A03021700,0,0,0,1,제주특별자치도,제주시
77,과천시민회관빙상장,경기도 과천시 중앙동,A03,A0302,A03021300,0,0,0,0,경기도,과천시
78,광주실내빙상장,광주광역시 서구 금화로 278,A03,A0302,A03021300,0,0,0,1,광주광역시,서구
79,광탄리유원지,경기도 양평군 용문면 광탄리,A03,A0302,A03021700,0,0,0,0,경기도,양평군
80,교하스카이승마클럽,경기도 파주시 다율동,A03,A0302,A03021100,0,0,0,0,경기도,파주시
81,구룡레져타운야영장,강원특별자치도 원주시 소초면 치악로 3403,A03,A0302,A03021700,0,0,0,0,강원특별자치도,원주시
82,구만동오토캠핑장,강원특별자치도 인제군 북면 만해로 221,A03,A0302,A03021700,0,1,1,0,강원특별자치도,인제군
83,구천동 어사길,전북특별자치도 무주군 설천면 구천동1로 159,A03,A0302,A03022700,0,0,1,0,전북특별자치도,무주군
84,구화산BBQ,경상북도 김천시 구화산길 64-7,A03,A0302,A03021700,0,0,0,0,경상북도,김천시
85,궁평캠프 승마장,경기도 화성시 서신면 궁평항로 1206,A03,A0302,A03020800,0,0,0,0,경기도,화성시
86,귀한농부학교캠핑장,경기도 파주시 법원읍 술이홀로1333번길 164,A03,A0302,A03021700,0,0,0,0,경기도,파주시
87,그랜드승마장,경기도 파주시 법원읍 직천리,A03,A0302,A03021100,0,0,0,0,경기도,파주시
88,그랜드하얏트 서울 아이스링크,서울특별시 용산구 소월로 322,A03,A0302,A03021300,0,0,1,1,서울특별시,용산구
89,글램핑로망,대구광역시 달성군 옥포로111길 85-6 무릉도원관광농원,A03,A0302,A03021700,0,0,1,0,대구광역시,달성군
90,금수문화공원 야영장,경상북도 성주군 금수면 무학3길 64,A03,A0302,A03021700,0,0,0,0,경상북도,성주군
91,금오랜드 사계절썰매장,경상북도 구미시 금오산로 341,A03,A0302,A03021400,0,0,1,0,경상북도,구미시
92,금오랜드 실내아이스링크장,경상북도 구미시 금오산로 341 금오랜드,A03,A0302,A03021300,0,0,1,0,경상북도,구미시
93,기차마을레일바이크,전라남도 곡성군 오곡면 기차마을로 232,A03,A0302,A03022700,0,0,0,0,전라남도,곡성군
94,길안다슬기캠프,경상북도 안동시 길안면 웃장터길 80,A03,A0302,A03021700,0,0,1,0,경상북도,안동시
95,김삿갓삿갓 쉼터,강원특별자치도 영월군 강변로 1390,A03,A0302,A03021700,0,0,1,1,강원특별자치도,영월군
96,김포 SEASIDE 컨트리클럽,경기도 김포시 월곶면 김포대로2801번길 219,A03,A0302,A03020700,1,0,1,0,경기도,김포시
97,김포사계절썰매장,경기도 김포시 월곶면 용강로13번길 38,A03,A0302,A03021400,0,0,1,0,경기도,김포시
98,김포조각공원사계절썰매장,경기도 김포시 월곶면 용강로13번길 38,A03,A0302,A03021400,0,0,1,0,경기도,김포시
99,김해카라반르몽드,경상남도 김해시 가야테마길 161,A03,A0302,A03021700,0,0,0,0,경상남도,김해시
100,나무그늘 아래 바베큐장,경기도 파주시 문산읍 사목로 48,A03,A0302,A03021700,0,0,0,0,경기도,파주시
101,나진피서지,전라남도 여수시 화양면 참새미길 27,A03,A0302,A03021700,1,0,1,1,전라남도,여수시
102,남서울승마클럽,경기도 용인시 처인구 모현읍 동림리,A03,A0302,A03021100,0,0,1,0,경기도,용인시
103,남선공원 스케이트장,대전광역시 서구 남선로 66 (탄방동),A03,A0302,A03021300,0,0,1,1,대전광역시,서구
104,남천동 공영자전거 무료대여소,"부산광역시 수영구 광안해변로 100 (남천동, 비치아파트)",A03,A0302,A03020500,0,0,0,0,부산광역시,수영구
105,낭추골캠핑장,충청북도 청주시 상당구 단재로 1890,A03,A0302,A03021700,1,0,0,0,충청북도,청주시
106,내를 건너서 숲으로 오토캠핑장,경상북도 청도군 청려로 3470,A03,A0302,A03021700,0,0,0,1,경상북도,청도군
107,내장산골프앤리조트,전북특별자치도 정읍시 첨단과학로 476,A03,A0302,A03020700,0,0,1,0,전북특별자치도,정읍시
108,넌스키난보드,강원특별자치도 원주시 지정면 구재로 132,A03,A0302,A03022600,0,0,0,0,강원특별자치도,원주시
109,노문야영장,경기도 양평군 갈문길 22-17,A03,A0302,A03021700,0,0,0,1,경기도,양평군
110,노추산 모정탑길,강원특별자치도 강릉시 왕산면 대기리 1679-8,A03,A0302,A03022700,1,0,1,0,강원특별자치도,강릉시
111,눈밥,강원특별자치도 홍천군 서면 한치골길 911,A03,A0302,A03022600,0,0,0,0,강원특별자치도,홍천군
112,다산길1코스,경기도 남양주시 삼패동,A03,A0302,A03022700,1,0,0,0,경기도,남양주시
113,단아한펜션,전북특별자치도 순창군 산동신흥길 6,A03,A0302,A03021700,1,0,1,1,전북특별자치도,순창군
114,단양 사계절썰매장,충청북도 단양군 단양읍 삼봉로 421-59,A03,A0302,A03021400,0,0,1,0,충청북도,단양군
115,달구벌승마공원,대구광역시 달성군 화원읍 명곡리,A03,A0302,A03021100,0,0,0,0,대구광역시,달성군
116,달빛담은캠핑장,전라남도 보성군 벌교읍 장암길 284-37,A03,A0302,A03021700,0,0,0,0,전라남도,보성군
117,담양 용마루길,전라남도 담양군 용면 추월산로 735,A03,A0302,A03022700,0,0,0,0,전라남도,담양군
118,담양금성오토캠핑장,전라남도 담양군 금성면 새덕굴길 135-88,A03,A0302,A03021700,0,0,0,0,전라남도,담양군
119,담터라온글램핑,강원특별자치도 철원군 담터길 352,A03,A0302,A03021700,0,0,1,1,강원특별자치도,철원군
120,당사현대차오션캠프,울산광역시 북구 당사동,A03,A0302,A03021700,0,0,0,0,울산광역시,북구
121,대궐오토캠핑장,경기도 양주시 백석읍 기산로440번길 177,A03,A0302,A03021700,1,0,1,0,경기도,양주시
122,대덕연구단지 컨트리클럽,대전광역시 유성구 유성대로1689번길 69,A03,A0302,A03020700,0,0,1,1,대전광역시,유성구
123,대숲글램핑장,전라남도 담양군 가사문학면 가사문학로 782,A03,A0302,A03021700,0,0,0,0,전라남도,담양군
124,대원사계곡길,경상남도 산청군 삼장면 대원사길 588,A03,A0302,A03022700,1,0,0,0,경상남도,산청군
125,대전엑스포시민광장스케이트장,대전광역시 서구 둔산대로 169 한밭수목원,A03,A0302,A03021300,0,0,0,1,대전광역시,서구
126,대현산체육관,서울특별시 성동구 독서당로63길 44,A03,A0302,A03020200,0,0,0,1,서울특별시,성동구
127,대황강 자연휴식체험장 야영장,전라남도 곡성군 석곡면 주석로 620-40,A03,A0302,A03021700,0,0,1,0,전라남도,곡성군
128,더무빙카라반,부산광역시 기장군 장안읍 해맞이로 290,A03,A0302,A03021700,0,0,0,1,부산광역시,기장군
129,더클라임 B 홍대점,서울특별시 마포구 양화로 125 (서교동),A03,A0302,A03021800,0,0,0,0,서울특별시,마포구
130,더클라임 마곡점,서울특별시 강서구 마곡동로 62 (마곡동),A03,A0302,A03021800,0,0,0,0,서울특별시,강서구
131,더클라임 클라이밍 짐앤샵 서울대점,서울특별시 관악구 남부순환로 1801 (봉천동),A03,A0302,A03021800,1,0,0,0,서울특별시,관악구
132,더하루캠핑파크,경상남도 창원시 마산합포구 진전면 일암1길 74,A03,A0302,A03021700,0,0,0,0,경상남도,창원시
133,덕봉산 해안생태탐방로,강원특별자치도 삼척시 근덕면 덕산리,A03,A0302,A03022700,1,0,0,0,강원특별자치도,삼척시
134,덕암호캠핑장,경기도 평택시 도일동,A03,A0302,A03021700,0,0,0,0,경기도,평택시
135,돌개마실 캠핑장,전북특별자치도 부안군 진서면 구룡댐길 65,A03,A0302,A03021700,0,0,1,1,전북특별자치도,부안군
136,동강전망휴양림오토캠핑장,강원특별자치도 정선군 신동읍 동강로 916-212,A03,A0302,A03021700,1,0,0,1,강원특별자치도,정선군
137,동래아이스링크,부산광역시 동래구 충렬대로 420 (안락동),A03,A0302,A03021300,0,0,0,0,부산광역시,동래구
138,동수리인문학마을협동조합야영장,강원특별자치도 양구군 양구읍 파로호로869번길 101,A03,A0302,A03021700,0,0,0,1,강원특별자치도,양구군
139,동창선아트스테이,경상남도 남해군 연곡로 13 동창선초등학교,A03,A0302,A03021700,0,0,0,1,경상남도,남해군
140,동화야영장,대구광역시 동구 팔공산로199길 6-1,A03,A0302,A03021700,0,0,0,0,대구광역시,동구
141,두곡해수욕장야영장,경상남도 남해군 남면 남면로111번길 91,A03,A0302,A03021700,0,0,1,0,경상남도,남해군
142,드림하이원스키샵,강원특별자치도 정선군 고한읍 물한리길 52,A03,A0302,A03022600,0,0,1,0,강원특별자치도,정선군
143,디스커버리 클라이밍스퀘어ICN,인천광역시 서구 완정로 70,A03,A0302,A03021800,0,0,0,1,인천광역시,서구
144,땅끝황토펜션오토캠핑장,경상북도 포항시 남구 구룡포읍 땅끝마을길 72,A03,A0302,A03021700,0,0,0,0,경상북도,포항시
145,땅에미소오토캠핑장,경기도 연천군 청산면 거저울길 339,A03,A0302,A03021700,0,0,1,1,경기도,연천군
146,또올래캠프,경기도 가평군 북면 가화로 2745-70,A03,A0302,A03021700,0,0,0,0,경기도,가평군
147,락인뜰,인천광역시 중구 늘목로 38,A03,A0302,A03021700,0,0,0,0,인천광역시,중구
148,락트리클라이밍센터,충청남도 아산시 배방읍 고속철대로 63,A03,A0302,A03021800,0,0,0,1,충청남도,아산시
149,러빙네이쳐 캠핑장,강원특별자치도 인제군 남면 설악로 1129,A03,A0302,A03021700,0,0,0,0,강원특별자치도,인제군
150,러쉬 실내 카트장,전북특별자치도 전주시 완산구 전주객사3길 72 (고사동),A03,A0302,A03020600,0,0,0,0,전북특별자치도,전주시
151,레끄레오캠핑장,경상북도 청도군 선암로 387-116,A03,A0302,A03021700,0,0,0,1,경상북도,청도군
152,로라비트 일산점,경기도 고양시 일산서구 한류월드로 300 (대화동),A03,A0302,A03021300,0,0,0,0,경기도,고양시
153,로시놀,강원특별자치도 평창군 대관령면 올림픽로 183,A03,A0302,A03022600,0,0,0,0,강원특별자치도,평창군
154,로얄새들승마클럽,경기도 고양시 일산동구 견달산로 402,A03,A0302,A03021100,0,0,0,0,경기도,고양시
155,롤링팝롤러스케이트장,경기도 하남시 미사강변중앙로170번길 10,A03,A0302,A03020400,0,0,0,0,경기도,하남시
156,롤퀸롤러장,서울특별시 성북구 동소문로20나길 47 (동선동1가),A03,A0302,A03020400,0,0,0,0,서울특별시,성북구
157,롯데월드 아이스링크(실내),서울특별시 송파구 올림픽로 240 롯데월드,A03,A0302,A03021300,0,0,0,1,서울특별시,송파구
158,루비코니 집라인,강원특별자치도 춘천시 신동면 김유정로 1383,A03,A0302,A03022700,0,0,0,0,강원특별자치도,춘천시
159,루이힐스CC,경기도 양주시 어하고개로 186-54,A03,A0302,A03020700,0,0,0,0,경기도,양주시
160,리더스스키,강원특별자치도 홍천군 서면 한치골길 70,A03,A0302,A03022600,0,0,0,0,강원특별자치도,홍천군
161,마가리캠핑장,강원특별자치도 평창군 봉평면 전나무골길 224-10,A03,A0302,A03021700,1,0,1,0,강원특별자치도,평창군
162,마루한캠핑장,전라남도 담양군 금성면 상신기길 108,A03,A0302,A03021700,1,0,0,1,전라남도,담양군
163,마운틴코스터,강원특별자치도 평창군 대관령면 올림픽로 715,A03,A0302,A03022700,0,0,1,1,강원특별자치도,평창군
164,마음수련 메인센터(마음수련 논산 메인센터),충청남도 논산시 상월면 상월로 749-23,A03,A0302,A03020200,0,0,0,0,충청남도,논산시
165,마인드글램퍼스,경기도 양평군 단월면 대부록길 37,A03,A0302,A03021700,0,0,1,1,경기도,양평군
166,만천하 알파인코스터,충청북도 단양군 적성면 옷바위길 10,A03,A0302,A03022700,0,0,0,1,충청북도,단양군
167,만천하 짚와이어,충청북도 단양군 적성면 옷바위길 10,A03,A0302,A03022700,0,0,0,1,충청북도,단양군
168,만촌인라인롤러스케이트장,대구광역시 수성구 만촌동,A03,A0302,A03021300,0,0,1,0,대구광역시,수성구
169,망상오토캠핑리조트제2오토캠핑장,강원특별자치도 동해시 동해대로 6270-16,A03,A0302,A03021700,1,1,1,0,강원특별자치도,동해시
170,맹방비치캠핑장,강원특별자치도 삼척시 근덕면 맹방해변로 140,A03,A0302,A03021700,0,0,0,1,강원특별자치도,삼척시
171,명도그오토캠핑장,경상남도 남해군 설천면 설천로 176-187,A03,A0302,A03021700,1,0,1,0,경상남도,남해군
172,모악랜드눈썰매장,전북특별자치도 김제시 금산면 금산리,A03,A0302,A03021400,0,0,0,0,전북특별자치도,김제시
173,몽산포감성캠핑장,충청남도 태안군 몽산포길 65-5,A03,A0302,A03021700,0,0,0,1,충청남도,태안군
174,몽산포그린캠핑장,충청남도 태안군 남면 몽산포길 63-73,A03,A0302,A03021700,0,0,1,0,충청남도,태안군
175,몽산포힐링캠핑장,충청남도 태안군 남면 몽산포길 63-13,A03,A0302,A03021700,0,0,0,0,충청남도,태안군
176,몽키몽키롤러장,부산광역시 강서구 명지국제1로 56-1 (명지동),A03,A0302,A03020400,0,0,0,1,부산광역시,강서구
177,무릉계곡 힐링캠핑장,강원특별자치도 동해시 삼화로 467,A03,A0302,A03021700,0,0,0,0,강원특별자치도,동해시
178,무릉관광농원,경상북도 경주시 호국로 3150-56,A03,A0302,A03021700,0,0,1,1,경상북도,경주시
179,무안 낙지공원 노을길야영장,전라남도 무안군 망운면 송현리,A03,A0302,A03021700,0,0,1,0,전라남도,무안군
180,무주 솔밭야영장,전북특별자치도 무주군 안성면 원통사로 294,A03,A0302,A03021700,0,0,0,0,전북특별자치도,무주군
181,무주덕유산리조트 스키장,전북특별자치도 무주군 설천면 만선로 185,A03,A0302,A03021200,0,0,1,0,전북특별자치도,무주군
182,문경관광사격장,경상북도 문경시 사격장길 155 문경관광사격장,A03,A0302,A03021600,0,0,0,0,경상북도,문경시
183,문경새재도립공원사계절썰매장,경상북도 문경시 문경읍 상초리,A03,A0302,A03021400,0,0,1,0,경상북도,문경시
184,문경카트월드,경상북도 문경시 문경읍 새재1길 36,A03,A0302,A03020600,0,0,0,0,경상북도,문경시
185,문라이트캠프장,인천광역시 강화군 길상면 해안남로 656,A03,A0302,A03021700,0,0,0,0,인천광역시,강화군
186,문장대오토캠핑장,경상북도 상주시 화북면 상오리 산 8,A03,A0302,A03021700,1,0,1,0,경상북도,상주시
187,미사리승마공원,경기도 하남시 미사동로37번길 175 (미사동),A03,A0302,A03021100,0,0,0,0,경기도,하남시
188,미필스키랜드,경기도 성남시 분당구 구미로 120,A03,A0302,A03021200,0,0,0,0,경기도,성남시
189,밀양189 야영장,경상남도 밀양시 용평로5길 282,A03,A0302,A03021700,0,0,0,0,경상남도,밀양시
190,밀양도깨비방망이캠핑장,경상남도 밀양시 단장로 1055,A03,A0302,A03021700,0,0,0,0,경상남도,밀양시
191,바다다 캠핑장,인천광역시 강화군 화도면 내리 2146-2,A03,A0302,A03021700,1,0,1,0,인천광역시,강화군
192,바람하늘공원 야영장,강원특별자치도 정선군 화암면 화암동굴길 12-8,A03,A0302,A03021700,0,0,0,0,강원특별자치도,정선군
193,바운스 트램폴린파크(대구신세계점),대구광역시 동구 효신로 88,A03,A0302,A03022700,0,0,0,0,대구광역시,동구
194,박두진문학길,경기도 안성시 금광면 오흥리 산72-5,A03,A0302,A03022700,0,0,0,0,경기도,안성시
195,반려동물힐링센터 글램핑,경상북도 문경시 문경대로 2430,A03,A0302,A03021700,0,0,0,1,경상북도,문경시
196,밤개울캠핑장,강원특별자치도 철원군 근남면 하문수동1길 62-1,A03,A0302,A03021700,0,0,0,1,강원특별자치도,철원군
197,방화동 가족휴가촌 오토캠핑장,전북특별자치도 장수군 번암면 방화동로 778,A03,A0302,A03021700,1,0,1,1,전북특별자치도,장수군
198,배내골 사발이,울산광역시 울주군 상북면 배내로 1438,A03,A0302,A03022100,0,0,0,0,울산광역시,울주군
199,백담고을오토캠핑장,강원특별자치도 인제군 북면 백담로 128,A03,A0302,A03021700,0,0,0,1,강원특별자치도,인제군
200,백담한계캠핑장,강원특별자치도 인제군 고원통로 107,A03,A0302,A03021700,0,0,0,0,강원특별자치도,인제군
201,백제보인증센터,충청남도 부여군 북포로 451 백제보문화관,A03,A0302,A03020500,0,0,0,1,충청남도,부여군
202,백호레져체험장,충청남도 태안군 남면 신온리,A03,A0302,A03022100,1,0,1,0,충청남도,태안군
203,뱅듸승마클럽,제주특별자치도 제주시 조천읍 번영로 1118-33,A03,A0302,A03021100,1,0,0,1,제주특별자치도,제주시
204,버디버디캠핑,충청남도 태안군 남면 진산1길 277-200,A03,A0302,A03021700,0,0,0,0,충청남도,태안군
205,범화권역글램핑장,충청북도 영동군 학산면 도덕리1길 30,A03,A0302,A03021700,0,0,0,0,충청북도,영동군
206,별빛터카라반&글램핑펜션,경상남도 합천군 가회면 대기1길 15-7,A03,A0302,A03021700,0,0,0,0,경상남도,합천군
207,보광미니골프장,강원특별자치도 속초시 영랑호반길 69-4,A03,A0302,A03020700,0,0,0,1,강원특별자치도,속초시
208,보물나라캠프,경기도 연천군 동내로 1359,A03,A0302,A03021700,0,0,0,0,경기도,연천군
209,보물섬하이킹,제주특별자치도 제주시 용문로14길 14,A03,A0302,A03020500,0,0,0,1,제주특별자치도,제주시
210,보불ATV체험장,경상북도 경주시 천군동,A03,A0302,A03022100,0,1,1,1,경상북도,경주시
211,보현산댐 짚와이어,경상북도 영천시 화북면 배나무정길 196,A03,A0302,A03022700,0,0,0,0,경상북도,영천시
212,봄내길 4코스(의암호나들길),강원특별자치도 춘천시 서면 금산2길 21,A03,A0302,A03022700,1,0,1,0,강원특별자치도,춘천시
213,봉강 하조 오토캠핑장,전라남도 광양시 봉강면 성불로 1097,A03,A0302,A03021700,0,0,0,0,전라남도,광양시
214,봉바위돌집캠핑장,강원특별자치도 원주시 호저면 칠봉로 756,A03,A0302,A03021700,1,0,0,0,강원특별자치도,원주시
215,봉즈살롱,강원특별자치도 횡성군 서원서로102번길 3-18,A03,A0302,A03021700,0,0,0,0,강원특별자치도,횡성군
216,부산북구실내빙상장,부산광역시 북구 금곡대로46번길 50 (덕천동),A03,A0302,A03021300,0,0,0,1,부산광역시,북구
217,북극곰 야영장,강원특별자치도 평창군 봉평면 흥정계곡길 313-3,A03,A0302,A03021700,1,0,1,0,강원특별자치도,평창군
218,분당올림픽스포츠센터 아이스링크,경기도 성남시 분당구 중앙공원로 35,A03,A0302,A03021300,0,0,0,1,경기도,성남시
219,불도끼배팅센터,경기도 용인시 기흥구 동백중앙로16번길 16-34,A03,A0302,A03020200,0,0,0,0,경기도,용인시
220,뷰제주하늘 승마장,제주특별자치도 서귀포시 성산읍 서성일로 397,A03,A0302,A03021100,0,0,0,1,제주특별자치도,서귀포시
221,블랙아이스링크장,경기도 남양주시 강변북로651번길 24-1,A03,A0302,A03021300,0,0,0,1,경기도,남양주시
222,블루문오토캠핑,세종특별자치시  기와말1길 20 조치원청소년수련원,A03,A0302,A03021700,0,0,1,1,세종특별자치시,
223,비발디파크 스키장,강원특별자치도 홍천군 서면 한치골길 262,A03,A0302,A03021200,1,0,1,1,강원특별자치도,홍천군
224,비비스타디움,인천광역시 부평구 체육관로 30 (삼산동),A03,A0302,A03021600,0,0,0,0,인천광역시,부평구
225,비슬산숲속오토캠핑장,대구광역시 달성군 유가읍 일연선사길 99,A03,A0302,A03021700,0,0,0,0,대구광역시,달성군
226,비슬승마체험장,대구광역시 달성군 옥포읍 기세리,A03,A0302,A03021100,0,0,0,0,대구광역시,달성군
227,비욘더팜,경기도 하남시 감이동,A03,A0302,A03021700,0,0,0,1,경기도,하남시
228,비응 마파지길,전북특별자치도 군산시 새만금북로 27,A03,A0302,A03022700,1,0,1,0,전북특별자치도,군산시
229,비젼스키샵,강원특별자치도 홍천군 서면 한서로 2166,A03,A0302,A03022600,0,0,0,0,강원특별자치도,홍천군
230,비케이승마장,경상남도 김해시 대동면 대동로 949-64,A03,A0302,A03021100,0,0,0,0,경상남도,김해시
231,뿌리공원캠핑장,대전광역시 중구 뿌리공원로 47,A03,A0302,A03021700,0,0,0,0,대전광역시,중구
232,사강스마트팜캠핑장,경기도 화성시 송산면 송산포도로 194,A03,A0302,A03021700,0,0,0,0,경기도,화성시
233,사정인라인스케이트장,대전광역시 중구 사정공원로 160 (사정동),A03,A0302,A03020400,0,0,1,0,대전광역시,중구
234,산림청 국립자연휴양림관리소,충청남도 서천군 종천면 희리산길 206,A03,A0302,A03021700,0,0,0,0,충청남도,서천군
235,산정호수돌고래캠핑장관광농원,경기도 포천시 산정호수로 510-1,A03,A0302,A03021700,0,0,0,0,경기도,포천시
236,상상마당논산아트캠핑빌리지,충청남도 논산시 상월면 한천길 15-11,A03,A0302,A03021700,0,0,0,0,충청남도,논산시
237,상상산책길,경상남도 거제시 일운면 소동리,A03,A0302,A03022700,1,0,1,0,경상남도,거제시
238,상우농장야영장,강원특별자치도 영월군 무릉도원면 무릉법흥로 994-23,A03,A0302,A03021700,0,0,0,0,강원특별자치도,영월군
239,새싹동산 청려수련원,경기도 화성시 풀무골로110번길 69,A03,A0302,A03020200,1,0,0,0,경기도,화성시
240,샛바람소리길,경상남도 거제시 일운면 구조라리,A03,A0302,A03022700,1,0,0,0,경상남도,거제시
241,샛바람소릿길,경상남도 거제시 일운면 구조라로8길 3,A03,A0302,A03022700,0,0,1,0,경상남도,거제시
242,서광카트체험장,제주특별자치도 서귀포시 안덕면 서광리,A03,A0302,A03020600,0,1,0,0,제주특별자치도,서귀포시
243,서리실힐링가족캠핑장,충청남도 천안시 동남구 서리실길 147,A03,A0302,A03021700,0,0,0,0,충청남도,천안시
244,서우봉둘레길,제주특별자치도 제주시 조천읍 함덕12길 16,A03,A0302,A03022700,1,0,1,0,제주특별자치도,제주시
245,서울 서초 글램핑 청계산장,서울특별시 서초구 청계산로 140-94,A03,A0302,A03021700,0,0,0,0,서울특별시,서초구
246,서울랜드 눈썰매장,경기도 과천시 막계동,A03,A0302,A03021400,0,0,0,0,경기도,과천시
247,서울볼더스클라이밍컴퍼니,서울특별시 영등포구 양평로28마길 7,A03,A0302,A03020200,0,0,0,0,서울특별시,영등포구
248,서인천25시야구센터,인천광역시 서구 봉수대로501번길 32,A03,A0302,A03020200,0,0,0,0,인천광역시,서구
249,서창퍼블릭GC,경기도 광주시 오포읍 문형산길 56,A03,A0302,A03020700,0,0,0,0,경기도,광주시
250,선바위별이내린캠핑장,강원특별자치도 인제군 미시령로 1796,A03,A0302,A03021700,0,0,0,0,강원특별자치도,인제군
251,선비순례길,경상북도 안동시 도산면 선성중앙길 24,A03,A0302,A03022700,0,0,0,0,경상북도,안동시
252,선유도 둘레길,전북특별자치도 군산시 옥도면 선유남길 37-1,A03,A0302,A03022700,1,0,1,0,전북특별자치도,군산시
253,선학국제빙상경기장,인천광역시 연수구 경원대로 526 (선학동),A03,A0302,A03021300,0,0,0,1,인천광역시,연수구
254,설래림야영장,강원특별자치도 정선군 임계면 내도전길 418,A03,A0302,A03021700,0,0,0,0,강원특별자치도,정선군
255,설인스키샵,강원특별자치도 평창군 대관령면 삼현동1길 10-6,A03,A0302,A03022600,0,0,0,0,강원특별자치도,평창군
256,섬지캠핑장,전라남도 구례군 토지면 하리길 5,A03,A0302,A03021700,0,0,0,1,전라남도,구례군
257,섬진강 대나무숲길,전라남도 구례군 구례읍 원방리 1,A03,A0302,A03022700,1,0,1,1,전라남도,구례군
258,세계승마클럽,경기도 안산시 상록구 안산벌말1길 9 (장하동),A03,A0302,A03020200,0,0,0,0,경기도,안산시
259,세라지오 컨트리클럽,경기도 여주시 여양로 530,A03,A0302,A03020700,0,0,1,0,경기도,여주시
260,세븐럭카지노(서울드래곤시티점),서울특별시 용산구 청파로20길 95 서울드래곤시티,A03,A0302,A03021000,0,0,0,0,서울특별시,용산구
261,세실앤세드릭,서울특별시 중구 황학동 752,A03,A0302,A03022600,0,0,0,0,서울특별시,중구
262,세종스테이블,세종특별자치시  평기큰골길 46-65,A03,A0302,A03021100,0,0,0,0,세종특별자치시,
263,센텀시티 아이스링크 (신세계백화점),부산광역시 해운대구 센텀남대로 35,A03,A0302,A03021300,0,0,0,1,부산광역시,해운대구
264,솔밭승마클럽,경기도 이천시 호법면 이섭대천로527번길 171-8,A03,A0302,A03021100,0,0,0,0,경기도,이천시
265,솔비치 캠핑장,충청남도 태안군 몽산포길 63-23,A03,A0302,A03021700,0,0,0,0,충청남도,태안군
266,솔향공원 스카이바이크,충청북도 보은군 속리산면 속리산로 600,A03,A0302,A03022700,0,0,0,0,충청북도,보은군
267,솔향기길 4코스,충청남도 태안군 원북면 청산리,A03,A0302,A03022700,1,0,1,0,충청남도,태안군
268,송당승마장,제주특별자치도 제주시 구좌읍 번영로 2015,A03,A0302,A03021100,0,0,0,0,제주특별자치도,제주시
269,송도 구름산책로(스카이워크),부산광역시 서구 암남동 129-4,A03,A0302,A03022700,1,0,1,0,부산광역시,서구
270,송도해안볼레길,부산광역시 서구 암남동 산123-18,A03,A0302,A03022700,0,0,0,0,부산광역시,서구
271,송악카트체험장,제주특별자치도 서귀포시 대정읍 송악관광로 404,A03,A0302,A03020600,0,0,0,1,제주특별자치도,서귀포시
272,쇠와꽃승마장,제주특별자치도 서귀포시 성산읍 섭지코지로25번길 88-17,A03,A0302,A03021100,0,0,1,1,제주특별자치도,서귀포시
273,수승대썰매장,경상남도 거창군 위천면 은하리길 43-101,A03,A0302,A03021400,0,1,1,0,경상남도,거창군
274,수원체육문화센터,경기도 수원시 영통구 영통로 383,A03,A0302,A03020200,1,0,1,1,경기도,수원시
275,순천국민여가캠핑장,전라남도 순천시 서면 청소년수련원길 170,A03,A0302,A03021700,1,0,0,0,전라남도,순천시
276,순천승주CC글램핑 (포라이즌글램핑),전라남도 순천시 별량면 오실길 333-1,A03,A0302,A03021700,0,0,0,1,전라남도,순천시
277,숲이조아오토캠핑장,경상북도 문경시 농암면 청화로 886-128,A03,A0302,A03021700,0,0,1,0,경상북도,문경시
278,스노우플렉스,경기도 하남시 덕풍천서로 77-9 (신장동),A03,A0302,A03021200,0,0,1,0,경기도,하남시
279,스몹 고양,경기도 고양시 덕양구 고양대로 1955 (동산동),A03,A0302,A03020200,0,0,0,0,경기도,고양시
280,스몹 안성,경기도 안성시 공도읍 서동대로 3930-39,A03,A0302,A03020200,0,0,0,0,경기도,안성시
281,스카이라인 짚와이어,경기도 가평군 가평읍 북한강변로 1024,A03,A0302,A03022700,0,0,1,1,경기도,가평군
282,스카이롤러파크,부산광역시 기장군 정관읍 정관중앙로 45,A03,A0302,A03021300,0,0,0,0,부산광역시,기장군
283,스키짱 주인짱,강원특별자치도 횡성군 둔내면 고원로 98,A03,A0302,A03022600,0,0,0,0,강원특별자치도,횡성군
284,스타밸리캠핑장,충청북도 진천군 배티로 425,A03,A0302,A03021700,0,1,1,0,충청북도,진천군
285,스티븐승마클럽,경기도 이천시 호법면 후안리,A03,A0302,A03021100,0,0,0,0,경기도,이천시
286,스프링힐스CC,경기도 고양시 덕양구 산황로 62,A03,A0302,A03020700,0,0,0,0,경기도,고양시
287,승마클럽영풍,경기도 용인시 처인구 포곡읍 석성로888번길 18-22,A03,A0302,A03021100,0,0,0,0,경기도,용인시
288,승암159캠핑장,충청북도 괴산군 후평도원로 484,A03,A0302,A03021700,0,0,1,1,충청북도,괴산군
289,승촌보오토캠핑장,광주광역시 남구 승촌보길 90,A03,A0302,A03021700,0,0,1,1,광주광역시,남구
290,신북온천글램핑장,경기도 포천시 신북면 청신로 571,A03,A0302,A03021700,0,0,1,0,경기도,포천시
291,신안 컨트리클럽,경기도 안성시 고삼면 개울말길 149,A03,A0302,A03020700,0,0,1,0,경기도,안성시
292,신어산자연숲캠핑장,경상남도 김해시 상동면 장척로462번길 140,A03,A0302,A03021700,0,0,1,0,경상남도,김해시
293,써니아일랜드 야영장,전라남도 여수시 남면 금오로 1139,A03,A0302,A03021700,0,0,1,0,전라남도,여수시
294,씨스카이월드 짚라인,인천광역시 중구 하나개로 140,A03,A0302,A03022700,0,1,0,0,인천광역시,중구
295,아리온승마장,제주특별자치도 서귀포시 안덕면 신화역사로403번길 79,A03,A0302,A03021100,0,0,0,1,제주특별자치도,서귀포시
296,아우내관광농원캠핑장,충청남도 천안시 동남구 관성3길 267-40,A03,A0302,A03021700,1,0,0,0,충청남도,천안시
297,아이러브스키,강원특별자치도 횡성군 둔내면 고원로 387,A03,A0302,A03022600,0,0,0,0,강원특별자치도,횡성군
298,안단테 홍천캠핑장,강원특별자치도 홍천군 내촌면 가래올길 53-16,A03,A0302,A03021700,0,0,0,1,강원특별자치도,홍천군
299,안동선비순례길1코스,경상북도 안동시 도산면 선성5길 8,A03,A0302,A03022700,0,0,0,0,경상북도,안동시
300,안면도스쿨버스캠핑장,충청남도 태안군 안면읍 안면대로 3356-1,A03,A0302,A03021700,0,0,0,0,충청남도,태안군
301,안면카트체험장,충청남도 태안군 안면읍 백사장1길 59,A03,A0302,A03020600,0,0,0,1,충청남도,태안군
302,안산사계절썰매장,경기도 안산시 단원구 동산로 179,A03,A0302,A03021400,0,0,0,0,경기도,안산시
303,알펜시아 알파인코스터,강원특별자치도 평창군 대관령면 솔봉로 325,A03,A0302,A03022700,0,0,0,0,강원특별자치도,평창군
304,알프스승마장 포니,제주특별자치도 서귀포시 표선면 서성일로 73,A03,A0302,A03021100,0,0,0,0,제주특별자치도,서귀포시
305,양남 눈썰매장,경상북도 경주시 양남면 동남로 856,A03,A0302,A03021400,0,0,1,0,경상북도,경주시
306,양양오색 휴랜드 야영장,강원특별자치도 양양군 서면 관대문길 99,A03,A0302,A03021700,0,0,1,0,강원특별자치도,양양군
307,양지파인리조트 눈썰매장,경기도 용인시 처인구 양지면 남평로 112,A03,A0302,A03021400,0,0,0,0,경기도,용인시
308,양천구 둘레길(하천형),서울특별시 양천구 안양천로 711,A03,A0302,A03022700,1,0,0,0,서울특별시,양천구
309,양평 어린이 건강놀이터,경기도 양평군 양평읍 도곡리,A03,A0302,A03022700,0,0,0,0,경기도,양평군
310,양평숲 비룡캠프장,경기도 양평군 청운면 목내미길 83-215,A03,A0302,A03021700,0,0,0,1,경기도,양평군
311,어름치마을캠핑장,강원특별자치도 평창군 마하길 41-5,A03,A0302,A03021700,1,0,1,1,강원특별자치도,평창군
312,얼음골폭포관광농원,경상남도 밀양시 산내로 1171,A03,A0302,A03021700,0,0,1,0,경상남도,밀양시
313,에버랜드스피드웨이,경기도 용인시 처인구 포곡읍 에버랜드로 199,A03,A0302,A03020300,0,0,0,0,경기도,용인시
314,에이미캠핑장,강원특별자치도 영월군 김삿갓면 영월동로 1107-1,A03,A0302,A03021700,0,0,0,0,강원특별자치도,영월군
315,에코그린캠핑장,제주특별자치도 제주시 애월읍 중산간서로 5587,A03,A0302,A03021700,0,0,0,1,제주특별자치도,제주시
316,에코승마아카데미,제주특별자치도 제주시 조천읍 비자림로 1065,A03,A0302,A03021100,0,1,0,1,제주특별자치도,제주시
317,엑셀로이콰인 R&D센터,경기도 성남시 수정구 시흥동,A03,A0302,A03021100,0,0,0,0,경기도,성남시
318,엘리시안 캠핑플레이스,강원특별자치도 춘천시 남산면 북한강변길 688,A03,A0302,A03021700,0,0,1,1,강원특별자치도,춘천시
319,여수 챌린지파크 바다 루지,전라남도 여수시 화양면 나진리,A03,A0302,A03022700,0,0,1,1,전라남도,여수시
320,여수 해양레일바이크,전라남도 여수시 망양로 187,A03,A0302,A03022700,1,1,1,0,전라남도,여수시
321,연수드림필드,인천광역시 연수구 동춘동 913-51,A03,A0302,A03020200,0,0,0,0,인천광역시,연수구
322,연종 캠핑장,충청남도 공주시 구계연종길 473,A03,A0302,A03021700,0,0,0,0,충청남도,공주시
323,연천리버힐캠핑장,경기도 연천군 미산면 숭의전로 520-21,A03,A0302,A03021700,0,0,0,0,경기도,연천군
324,연천승마공원,경기도 연천군 연천읍 동막로 89,A03,A0302,A03021100,0,0,0,0,경기도,연천군
325,영광승마장,전라남도 영광군 홍농읍 홍농로 574-40,A03,A0302,A03021100,0,0,0,0,전라남도,영광군
326,영도관광실탄사격장,부산광역시 영도구 절영로 319,A03,A0302,A03021600,0,0,0,1,부산광역시,영도구
327,영월계곡 느티별캠핑장,강원특별자치도 영월군 김삿갓면 내리계곡로 1106,A03,A0302,A03021700,0,0,0,0,강원특별자치도,영월군
328,예담숲캠핑장,강원특별자치도 홍천군 서면 한서로 347-5,A03,A0302,A03021700,0,0,0,1,강원특별자치도,홍천군
329,오늘은카트레이싱,제주특별자치도 서귀포시 표선면 중산간동로 4772,A03,A0302,A03020600,0,0,1,0,제주특별자치도,서귀포시
330,오아시스정글,강원특별자치도 인제군 필례약수길 84-10,A03,A0302,A03021700,0,0,1,1,강원특별자치도,인제군
331,오어지둘레길,경상북도 포항시 남구 오천읍 항사리,A03,A0302,A03022700,1,0,1,0,경상북도,포항시
332,오투리조트 스키장,강원특별자치도 태백시 서학로 861,A03,A0302,A03021200,0,0,1,0,강원특별자치도,태백시
333,옥순정 국궁장,충청북도 제천시 수산면 수산리,A03,A0302,A03020300,0,0,0,0,충청북도,제천시
334,온더락캠핑장,경기도 가평군 상면 수목원로 238-106,A03,A0302,A03021700,1,0,0,1,경기도,가평군
335,올데이 골프앤리조트(올데이CC),충청북도 충주시 앙성면 비내길 189,A03,A0302,A03020700,0,0,1,0,충청북도,충주시
336,올림픽공원 SK올림픽핸드볼경기장,서울특별시 송파구 올림픽로 424 (방이동),A03,A0302,A03020300,0,0,0,1,서울특별시,송파구
337,올림픽공원체조경기장,서울특별시 송파구 올림픽로 424,A03,A0302,A03020300,0,0,0,1,서울특별시,송파구
338,와니엘배팅센터 일산점,경기도 고양시 일산서구 가좌로 62 (가좌동),A03,A0302,A03022700,0,0,0,0,경기도,고양시
339,용소계곡 예닮오토캠핑장,강원특별자치도 홍천군 군유동길64번길 7,A03,A0302,A03021700,0,0,1,1,강원특별자치도,홍천군
340,용인둥지골캠핑장,경기도 용인시 처인구 원삼면 후평로185번길 39,A03,A0302,A03021700,0,0,0,0,경기도,용인시
341,용인포니승마클럽,경기도 용인시 처인구 양지면 평창리,A03,A0302,A03021100,0,0,0,0,경기도,용인시
342,용평 버치힐골프클럽,강원특별자치도 평창군 대관령면 올림픽로 715,A03,A0302,A03020700,0,0,0,0,강원특별자치도,평창군
343,우리두리글램핑,강원특별자치도 영월군 무릉도원면 백년계곡길 15-5,A03,A0302,A03021700,0,0,0,0,강원특별자치도,영월군
344,운모석농원캠핑장,경기도 안성시 서운면 월구리길 3-85,A03,A0302,A03021700,0,0,0,0,경기도,안성시
345,울주해양레포츠센터 야영장,울산광역시 울주군 서생면 해맞이로 1560,A03,A0302,A03021700,0,0,0,0,울산광역시,울주군
346,월악 파머스 캠핑장,충청북도 제천시 월악산로 450-5,A03,A0302,A03021700,0,0,0,0,충청북도,제천시
347,월악힐링캠핑장,충청북도 제천시 덕산면 월악산로 767,A03,A0302,A03021700,0,0,0,0,충청북도,제천시
348,윈드1947 카트테마파크,제주특별자치도 서귀포시 토평공단로 78-27,A03,A0302,A03020600,0,0,0,0,제주특별자치도,서귀포시
349,은이골캠핑장,경기도 용인시 처인구 양지면 은이로 282,A03,A0302,A03021700,0,0,0,0,경기도,용인시
350,은지가족야영장,경기도 고양시 덕양구 흥도로 281-1,A03,A0302,A03021700,0,0,0,1,경기도,고양시
351,이어도 승마장,제주특별자치도 서귀포시 성산읍 서성일로 269,A03,A0302,A03021100,0,0,0,1,제주특별자치도,서귀포시
352,이월드 83타워 아이스링크,대구광역시 달서구 두류공원로 200,A03,A0302,A03021300,0,0,0,0,대구광역시,달서구
353,이천농업테마공원국민여가캠핑장,경기도 이천시 모가면 공원로 48,A03,A0302,A03021700,0,0,0,0,경기도,이천시
354,익산수파크,전북특별자치도 익산시 춘포면 미등골길 226-78,A03,A0302,A03021700,0,0,0,1,전북특별자치도,익산시
355,인제스피디움리조트 서킷,강원특별자치도 인제군 기린면 상하답로 130,A03,A0302,A03020300,0,0,0,0,강원특별자치도,인제군
356,인천문학경기장 스노우파크,인천광역시 미추홀구 매소홀로 618,A03,A0302,A03021400,0,0,1,0,인천광역시,미추홀구
357,임랑카라반파크,부산광역시 기장군 일광면 일광로 763,A03,A0302,A03021700,0,0,0,0,부산광역시,기장군
358,임자해변승마공원,전라남도 신안군 임자면 한틀길 194-46,A03,A0302,A03021100,0,0,0,1,전라남도,신안군
359,자두마을캠핑,전북특별자치도 정읍시 종황길 92,A03,A0302,A03021700,1,0,1,0,전북특별자치도,정읍시
360,자연애품캠핑장,전라남도 곡성군 옥과면 배감길 16-19,A03,A0302,A03021700,0,0,0,0,전라남도,곡성군
361,자우림캠핑장,경기도 가평군 북면 가화로 2697-125,A03,A0302,A03021700,0,0,0,1,경기도,가평군
362,자전거 카페 오후,강원특별자치도 춘천시 효자로24번길 12,A03,A0302,A03020500,0,0,0,1,강원특별자치도,춘천시
363,장흥숲길캠핑장,경기도 양주시 장흥면 권율로 156-116,A03,A0302,A03021700,0,0,0,1,경기도,양주시
364,전라남도종합사격장,전라남도 나주시 사격장길 82,A03,A0302,A03021600,0,0,0,1,전라남도,나주시
365,전주빙상경기장,전북특별자치도 전주시 완산구 백제대로 310 (중화산동2가),A03,A0302,A03021300,0,0,0,1,전북특별자치도,전주시
366,점핑몬스터 하남미사점,경기도 하남시 풍산동,A03,A0302,A03022700,0,0,0,1,경기도,하남시
367,점핑파크 정자점,경기도 수원시 장안구 대평로 128 (정자동),A03,A0302,A03022700,0,0,0,0,경기도,수원시
368,정동심곡 바다부채길,강원특별자치도 강릉시 강동면 심곡리,A03,A0302,A03022700,1,0,1,0,강원특별자치도,강릉시
369,정석볼링365 & 정석락볼링장,충청남도 천안시 서북구 불당동,A03,A0302,A03022700,0,0,0,0,충청남도,천안시
370,정철희 국제승마센터 천안점,충청남도 천안시 서북구 부대3길 22 (부대동),A03,A0302,A03021100,0,0,0,0,충청남도,천안시
371,정화네 불한증막 힐링캠프,전북특별자치도 정읍시 고부면 덕신강길 148-4,A03,A0302,A03021700,0,0,0,0,전북특별자치도,정읍시
372,제라진어드벤쳐,제주특별자치도 제주시 조천읍 선교로 33,A03,A0302,A03022300,0,0,1,1,제주특별자치도,제주시
373,제로포인트트레일,제주특별자치도 제주시 산지로 25,A03,A0302,A03022700,0,0,0,1,제주특별자치도,제주시
374,제이클라우드승마센터,충청남도 아산시 송악면 평촌리,A03,A0302,A03021100,0,0,0,0,충청남도,아산시
375,제주 조랑말타운,제주특별자치도 서귀포시 표선면 번영로 2486,A03,A0302,A03021100,0,0,0,1,제주특별자치도,서귀포시
376,제주탑승마클럽,제주특별자치도 제주시 명림로 278,A03,A0302,A03021100,0,0,0,0,제주특별자치도,제주시
377,제주홀스타승마장,제주특별자치도 제주시 산록북로 8 (연동),A03,A0302,A03021100,1,0,0,1,제주특별자치도,제주시
378,제천 청풍호 자드락길 5코스(옥순봉길),충청북도 제천시 수산면 옥순봉로6안길 124,A03,A0302,A03022700,0,0,0,0,충청북도,제천시
379,족은노꼬메오름,제주특별자치도 제주시 애월읍 산록서로 482-34,A03,A0302,A03022700,0,0,1,0,제주특별자치도,제주시
380,좌구산오토캠핑장,충청북도 증평군 증평읍 율리 259-1,A03,A0302,A03021700,0,0,1,1,충청북도,증평군
381,주마강산승마클럽,강원특별자치도 강릉시 강동면 동해대로 1263,A03,A0302,A03021100,0,0,0,0,강원특별자치도,강릉시
382,중도방죽,전라남도 보성군 벌교읍 회정리,A03,A0302,A03022700,1,0,0,0,전라남도,보성군
383,중바위휴양지캠핑장,경기도 가평군 북면 제령아랫말길 70,A03,A0302,A03021700,0,0,0,0,경기도,가평군
384,지리산365오토캠핑펜션,경상남도 산청군 지리산대로 605 대웅모텔,A03,A0302,A03021700,0,0,0,0,경상남도,산청군
385,지리산둘레길 9코스 덕산-위태,경상남도 산청군 시천면 중태리  864,A03,A0302,A03022700,0,0,0,0,경상남도,산청군
386,지산CC,경기도 용인시 처인구 원삼면 죽양대로2000번길 60,A03,A0302,A03020700,0,0,0,0,경기도,용인시
387,지오랜드 레저토피아,충청남도 태안군 남면 마검포길 104-108,A03,A0302,A03022100,0,0,1,1,충청남도,태안군
388,지지 아일랜드 캠핑 바베큐장,경기도 양주시 부흥로 2191-46,A03,A0302,A03021700,0,0,0,1,경기도,양주시
389,진고개계곡야영장,강원특별자치도 강릉시 연곡면 진고개로 1016,A03,A0302,A03021700,0,0,0,0,강원특별자치도,강릉시
390,짚트랙코리아,충청남도 보령시 신흑동 2209-3,A03,A0302,A03022700,1,0,1,1,충청남도,보령시
391,창녕우포승마장,경상남도 창녕군 대지면 우포2로 864,A03,A0302,A03021100,0,0,0,0,경상남도,창녕군
392,창원레포츠파크(창원경륜장),경상남도 창원시 의창구 원이대로 470,A03,A0302,A03020900,0,0,0,0,경상남도,창원시
393,천아숲길[한라산둘레길 1구간],제주특별자치도 제주시 애월읍 산록서로 678-207,A03,A0302,A03022700,1,0,0,0,제주특별자치도,제주시
394,천안상록리조트 눈썰매장,충청남도 천안시 동남구 수신면 수신로 576,A03,A0302,A03021400,0,0,1,0,충청남도,천안시
395,청계산골든밸리캠핑장,경기도 성남시 수정구 달래내로221번길 17-5,A03,A0302,A03021700,0,0,1,1,경기도,성남시
396,청정테마힐링센터,전북특별자치도 완주군 구이면 장미로 31,A03,A0302,A03020200,0,0,1,0,전북특별자치도,완주군
397,청주시 미래지농촌테마공원 오토캠핑장,충청북도 청주시 청원구 오창읍 용두길 72,A03,A0302,A03021700,0,0,0,0,충청북도,청주시
398,청주종합사격장,충청북도 청주시 청원구 내수읍 도원세교로 369,A03,A0302,A03021600,0,0,0,0,충청북도,청주시
399,청천 화양동관광농원 초롱이캠핑장,충청북도 괴산군 청천면 다보길 8,A03,A0302,A03021700,0,0,0,0,충청북도,괴산군
400,청춘 롤러스케이트,경기도 김포시 구래동,A03,A0302,A03020400,1,0,0,0,경기도,김포시
401,청평사 국민여가 캠핑장,강원특별자치도 춘천시 오봉산길 630,A03,A0302,A03021700,0,0,0,1,강원특별자치도,춘천시
402,초곡 용굴촛대바위길,강원특별자치도 삼척시 근덕면 초곡길 236-20,A03,A0302,A03022700,1,0,1,0,강원특별자치도,삼척시
403,초동연가길,경상남도 밀양시 초동면 초하로 270,A03,A0302,A03022700,0,0,0,0,경상남도,밀양시
404,춘천중도 물레길,강원특별자치도 춘천시 스포츠타운길223번길 95,A03,A0302,A03022700,0,0,1,1,강원특별자치도,춘천시
405,충남승마클럽,충청남도 논산시 은진면 용산리,A03,A0302,A03021100,0,0,0,0,충청남도,논산시
406,캠프수풀이,경기도 가평군 상면 임초밤안골로 230,A03,A0302,A03021700,0,0,0,0,경기도,가평군
407,캠프올모,경기도 가평군 장수로 156-50,A03,A0302,A03021700,0,0,0,1,경기도,가평군
408,케이블카파크랜드오토캠핑장,경상남도 통영시 발개로 172-24,A03,A0302,A03021700,0,0,0,0,경상남도,통영시
409,켄싱턴 호텔 평창 글램핑 빌리지,강원특별자치도 평창군 진부면 진고개로 231,A03,A0302,A03021700,1,0,0,1,강원특별자치도,평창군
410,쿼크밸리 캠프,경기도 남양주시 화도읍 가곡리 401번지 일원,A03,A0302,A03021700,0,0,0,0,경기도,남양주시
411,클라이밍줌,인천광역시 연수구 청능대로 75 (청학동),A03,A0302,A03021800,1,0,0,0,인천광역시,연수구
412,클럽레드존캠핑장,경기도 가평군 가평읍 북한강변로 360-69,A03,A0302,A03021700,0,0,0,0,경기도,가평군
413,탄천종합운동장 빙상장,경기도 성남시 분당구 탄천로 215,A03,A0302,A03021300,0,0,1,1,경기도,성남시
414,탐라승마장,제주특별자치도 제주시 조천읍 비자림로 1044,A03,A0302,A03021100,0,0,1,1,제주특별자치도,제주시
415,태백국민체육센터,강원특별자치도 태백시 번영로 220,A03,A0302,A03020200,0,0,0,1,강원특별자치도,태백시
416,태백스피드웨이,강원특별자치도 태백시 사군드리길 240 (동점동),A03,A0302,A03022700,0,0,0,0,강원특별자치도,태백시
417,태화강 국가정원 십리대숲 (은하수길),울산광역시 중구 태화동,A03,A0302,A03022700,1,0,1,1,울산광역시,중구
418,토일관광농원,경기도 포천시 군내면 청군로 2857,A03,A0302,A03021700,0,0,0,0,경기도,포천시
419,통도승마랜드,경상남도 양산시 하북면 충렬로 1475,A03,A0302,A03021100,0,0,0,1,경상남도,양산시
420,티피캠핑장,강원특별자치도 고성군 죽왕면 괘진길 54,A03,A0302,A03021700,0,0,1,1,강원특별자치도,고성군
421,파라다이스 카지노 워커힐,서울특별시 광진구 워커힐로 177,A03,A0302,A03021000,0,0,0,0,서울특별시,광진구
422,파인빌골프클럽,경기도 파주시 탄현면 새오리로 250-1,A03,A0302,A03020700,0,0,0,0,경기도,파주시
423,파주스피드파크,경기도 파주시 파평면 청송로652번길 42-191,A03,A0302,A03020600,0,0,0,0,경기도,파주시
424,평산오토캠핑야영장,충청북도 제천시 백운면 덕동로 205-4,A03,A0302,A03021700,0,0,1,1,충청북도,제천시
425,평창 자연속쉼표캠핑장,강원특별자치도 평창군 봉평면 흥정계곡4길 171-10,A03,A0302,A03021700,0,0,1,1,강원특별자치도,평창군
426,평화누리길 11코스 임진적벽길,경기도 연천군 미산면 우정리 77,A03,A0302,A03022700,0,0,0,1,경기도,연천군
427,평화누리길 3코스 한강철책길,경기도 김포시 하성면 평화공원로 139,A03,A0302,A03022700,0,0,0,1,경기도,김포시
428,평화누리길 9코스 율곡길,경기도 파주시 파평면 장파리 913,A03,A0302,A03022700,0,0,0,0,경기도,파주시
429,포세이돈카라반,경기도 가평군 청평면 고재길 262-101,A03,A0302,A03021700,0,0,1,0,경기도,가평군
430,표선해안도로,제주특별자치도 서귀포시 표선면 민속해안로 73,A03,A0302,A03022700,0,0,0,0,제주특별자치도,서귀포시
431,푸른솔 농원 야영장,강원특별자치도 양구군 양구읍 소양호로 2639-80,A03,A0302,A03021700,0,0,1,0,강원특별자치도,양구군
432,풀무골 글램핑장,경기도 안성시 고삼면 쌍지길 292,A03,A0302,A03021700,0,0,0,0,경기도,안성시
433,프리지언클럽앤리조트,경기도 용인시 처인구 모현읍 왕림로50번길 69-59,A03,A0302,A03021100,0,0,0,1,경기도,용인시
434,피터팬승마캠프,전북특별자치도 군산시 성산면 송호로 128,A03,A0302,A03021100,0,0,0,0,전북특별자치도,군산시
435,하늘빛계곡 캠핑장,강원특별자치도 양양군 서면 설악로 1760,A03,A0302,A03021700,0,0,0,0,강원특별자치도,양양군
436,하니랜드 눈썰매장,경기도 파주시 조리읍 장곡로 218,A03,A0302,A03021400,0,0,0,0,경기도,파주시
437,하동 코리아 짚와이어,경상남도 하동군 금남면 경충로 493-37,A03,A0302,A03022700,0,0,0,1,경상남도,하동군
438,하영올레 1코스,"제주특별자치도 서귀포시  중앙로 (105, 서귀포시청)",A03,A0302,A03022700,1,0,1,0,제주특별자치도,서귀포시
439,하영올레 2코스,"제주특별자치도 서귀포시  중앙로 (105, 서귀포시청)",A03,A0302,A03022700,0,0,0,0,제주특별자치도,서귀포시
440,하이원리조트 알파인코스터,강원특별자치도 정선군 고한읍 하이원길 424,A03,A0302,A03022700,0,0,1,0,강원특별자치도,정선군
441,하조대 둘레길,강원특별자치도 양양군 현북면 하륜길 56,A03,A0302,A03022700,1,0,1,0,강원특별자치도,양양군
442,하화도 꽃섬길,전라남도 여수시 화정면 아랫꽃섬1길 1,A03,A0302,A03022700,0,0,0,0,전라남도,여수시
443,한국민속촌 눈썰매장,경기도 용인시 기흥구 민속촌로 90,A03,A0302,A03021400,0,0,0,0,경기도,용인시
444,한라산 트레킹,제주특별자치도 제주시 1100로 2070-61,A03,A0302,A03022700,0,1,0,0,제주특별자치도,제주시
445,한반도 솔숲 쉼터,강원특별자치도 영월군 한반도면 서강로 1159-93,A03,A0302,A03021700,0,0,0,0,강원특별자치도,영월군
446,한반도 전기카트 체험장,강원특별자치도 영월군 한반도면 안새내길 63-33,A03,A0302,A03020600,0,0,1,0,강원특별자치도,영월군
447,한별도그파크,경상남도 함안군 이묵골로 135,A03,A0302,A03021700,0,0,0,0,경상남도,함안군
448,한화리조트 플라자CC 용인,경기도 용인시 처인구 남사면 봉무로153번길 79,A03,A0302,A03020700,0,0,0,0,경기도,용인시
449,함양라온캠핑장,경상남도 함양군 서하면 육십령로 2991,A03,A0302,A03021700,0,0,0,0,경상남도,함양군
450,해파랑길 33코스,강원특별자치도 동해시 추암동,A03,A0302,A03022700,1,0,1,0,강원특별자치도,동해시
451,해파랑길 35코스,강원특별자치도 강릉시 금진리 105-10,A03,A0302,A03022700,1,0,1,1,강원특별자치도,강릉시
452,해파랑길 36코스,강원특별자치도 강릉시 강동면 정동역길 17,A03,A0302,A03022700,1,0,1,1,강원특별자치도,강릉시
453,해파랑길 45코스,강원특별자치도 속초시 동해대로 3664,A03,A0302,A03022700,0,0,0,0,강원특별자치도,속초시
454,해파랑길46코스,강원특별자치도 고성군 토성면 아야진해변길 45,A03,A0302,A03022700,1,0,0,0,강원특별자치도,고성군
455,해파랑길47코스,강원특별자치도 고성군 죽왕면 공현진리 187-16,A03,A0302,A03022700,0,0,0,0,강원특별자치도,고성군
456,해피니스캠핑장,경기도 양주시 권율로309번길 317-196,A03,A0302,A03021700,0,0,1,0,경기도,양주시
457,향수호수길,충청북도 옥천군 안내면 장계리,A03,A0302,A03022700,0,0,1,0,충청북도,옥천군
458,헬로우 힐 연인산 캠핑장,경기도 가평군 조종면 연인산로 384,A03,A0302,A03021700,0,0,0,0,경기도,가평군
459,형원레져,전라남도 강진군 도암면 월곶로 426,A03,A0302,A03021700,0,0,0,0,전라남도,강진군
460,호명산잣나무숲속캠핑장,경기도 가평군 청평면 상지로64번길 77,A03,A0302,A03021700,1,0,1,1,경기도,가평군
461,홀스랜드(어승생승마장),제주특별자치도 제주시 1100로 2659,A03,A0302,A03021100,0,0,1,1,제주특별자치도,제주시
462,홀스메이트승마클럽,경기도 화성시 매송면 원평리,A03,A0302,A03021100,0,0,0,0,경기도,화성시
463,홀스킹덤 글램핑,경기도 포천시 내촌면 소리개길 108-13,A03,A0302,A03021700,0,0,1,0,경기도,포천시
464,홍성군 승마체험장,충청남도 홍성군 서부면 남당항로 690,A03,A0302,A03021100,0,0,0,0,충청남도,홍성군
465,홍천 비발디파크 K1 SPEED,강원특별자치도 홍천군 서면 한치골길 262,A03,A0302,A03020300,0,0,0,0,강원특별자치도,홍천군
466,화성홀스파크,경기도 화성시 봉담읍 내리,A03,A0302,A03021100,0,0,0,0,경기도,화성시
467,화암카트체험장,강원특별자치도 정선군 화암면 소금강로 973,A03,A0302,A03020600,0,0,0,0,강원특별자치도,정선군
468,화왕산자연휴양림,경상남도 창녕군 고암면 청간길 128-126,A03,A0302,A03021700,1,0,0,1,경상남도,창녕군
469,화원684글램핑,전라남도 해남군 화원면 매봉길 528-8,A03,A0302,A03021700,1,0,1,1,전라남도,해남군
470,회동솔향캠핑장,강원특별자치도 정선군 정선읍 가리왕산로 570-5,A03,A0302,A03021700,1,0,0,0,강원특별자치도,정선군
471,회동수원지 둘레길,부산광역시 금정구 개좌로 147,A03,A0302,A03022700,1,0,1,1,부산광역시,금정구
472,횡성루지체험장,강원특별자치도 횡성군 우천면 전재로 407,A03,A0302,A03022700,0,0,1,0,강원특별자치도,횡성군
473,횡성스포랜드,강원특별자치도 횡성군 금계로 380-57 횡성스포랜드,A03,A0302,A03021600,0,0,0,0,강원특별자치도,횡성군
474,후평숲캠핑장,충청북도 괴산군 청천면 후평도원로 129-19,A03,A0302,A03021700,0,0,0,0,충청북도,괴산군
475,휘닉스 평창 루지랜드,강원특별자치도 평창군 봉평면 태기로 174,A03,A0302,A03022700,0,0,0,0,강원특별자치도,평창군
476,휘트니스센터PG뉴코아아울렛동수원점,경기도 수원시 팔달구 인계로 154,A03,A0302,A03020200,1,0,0,1,경기도,수원시
477,휴먼캠핑장,경기도 양평군 월은길 145,A03,A0302,A03021700,0,0,1,0,경기도,양평군
478,휴파크 광산점,광주광역시 광산구 탑동길 345,A03,A0302,A03021700,0,0,1,0,광주광역시,광산구
479,희리산해송자연휴양림 자동차야영장,충청남도 서천군 종천면 희리산길 206,A03,A0302,A03021700,0,0,0,1,충청남도,서천군
480,힐링레저캠핑장&글램핑,경기도 가평군 가평읍 북한강변로 516,A03,A0302,A03021700,0,0,0,0,경기도,가평군
481,힐링오름캠핑장,경상북도 고령군 덕곡면 덕운로 1081,A03,A0302,A03021700,0,0,0,1,경상북도,고령군
